companyLabelList	companyName	workName	companySize	positionName	salary
					
"н,Ч,ڵн,ĩݡ"	ǵ	Աͷ	",Ļ/ɳ(Ҫ)"	ݡ	2k-4k
					
"ɳ,,ࡱ"	׽	SDKʦ	"Ϸ,/(Ҫ)"		5k-8k
					
",˫,Թ"	·	רԱ	",ƶ/(δ)"	ݡɽ	2k-3k
					
",Ǳ"	׶	Ա	",ƶ/(ʹ)"		2k-4k
					
"һ,Ч,ռ,"		߻רԱ	"ƶ,/(ʹ)"	ݡű	4k-6k
					
"쵼,,ƽ쵼,ͨ㡱"		Ӫ	/(ʹ)	졤	3k-5k
					
"Ŷ,,ࡱ"	ŵ	ӪרԱ	"ҽƽ,O2O/(ʹ)"	ݡ	4k-8k
					
"ȨȨ,ƽ"	IDEGO	ʦ/廭ʦ	",O2O/(ʹ)"	ڡ޺	5k-6k
					
Ч Ͳ 	ǵ	Ա-	",Ļ/ɳ(Ҫ)"	ݡ	4k-8k
					
",߶,ְǱ,ҵΧ"		ҵչ	ƶ/ɳ(A)		15k-30k
					
",Ȩ,ݼ,Ͳ"	·	΢ſʦ	",ƶ/(δ)"	ݡɽ	5k-10k
					
",ԱΡ"	СƼ	UIʦ	ƶ/(ʹ)	ݡԱ	3k-6k
					
"һ,Ч,"		۾	"ƶ,/(ʹ)"	ݡű	5k-8k
					
"Ӵ,,ࡱ"		ƽʦ	"Ļ,/(Ҫ)"	Ϻ	8k-10k
					
"չǱ,Ȩ,,Ŷӡ"		߼iOSʦ	ƶ/ɳ(A)		20k-30k
					
һ ĩ˫ Ŀֺ족	žȦƼ޹˾	İ߻	"ƶ,/(ʹ)"	š˼	5K-7K
					
աЧȫڽ	ŵ	webǰˣ	"ҽƽ,O2O/(ʹ)"	ݡ	3k-6k
					
"ְλ,,쵼,ƽ"		ӪרԱ	/(ʹ)	졤	4k-8k
					
˾ᣬս𣬸ʳá	ҵ	èӪ	/(Ҫ)	ڡ	5K-8K
					
˫н Թ Ч ռ䡱	ǵ	ƽͼʦ	",Ļ/ɳ(Ҫ)"	ݡ	4k-8k
					
˾ ʳ շ 	ҵ	è	/(Ҫ)	ڡ	4K-6K
					
һһ޶ĲƷ		Ϸԭʦ	"罻,Ϸ/(Ҫ)"	йش	15K-20K
					
"һ,εн,߶,"		۴	"ƶ,/(ʹ)"	ݡű	3k-6k
					
"Դ,ѧϰ,չ,Χá"	С˲ŷ	ܾרְ1	"ҵ,ƶ/(δ)"	ݡ	8k-12k
					
"Դ,ѧϰ,չ,Χá"	С˲ŷ	ܾרְ1	"ҵ,ƶ/(δ)"	ݡ	8k-12k
					
"Ŷ,Ȩ,չǱ,á"		Android߼ʦ	ƶ/ɳ(A)		20k-30k
					
"Ʒǰ,ӢŶ,,Ϸ黳"	Ϸ	U3Dͻ˹ʦ	Ϸ/(ʹ)	ڡͷ	20k-40k
					
"󿧴,Դ,ɼ,Χá"	С˲ŷ	۾רְ3	"ҵ,ƶ/(δ)"	ݡ齭³	6k-7k
					
"ƽ̨,ƽ,ѧϰ,á"	ŵ	ԣʵϰ	"ҽƽ,O2O/(ʹ)"	ݡ	2k-3k
					
"Ʒǰ,ӢŶ,,Ϸ黳"	Ϸ	C++	Ϸ/(ʹ)	ڡͷ	20k-40k
					
˫н Թ Ч ռ䡱	ǵ	/Ա곤Ůװ	",Ļ/ɳ(Ҫ)"		8k-15k
					
"淶,λ,һ,н١"		ںѯʦ	"ƶ,ݷ/(δ)"		4k-8k
					
"һ,,Ч"		JAVAʦ	"ƶ,/(ʹ)"	ݡű	6k-12k
					
һĩ˫ ܡ	Ƽ	רԱ	"ƶ,ҵ/(δ)"	ݡ齭³	5k-10k
					
"Ŷ,Ȩ,չǱ,á"		Windows߼ʦ	ƶ/ɳ(A)		25k-40k
					
",Թ,ϰ,Ƶۻᡱ"	J.G	IOSʦ	ƶ/(ʹ)	Ϻ	8k-10k
					
"ҵǰ,Դ,Ч,չ"	С˲ŷ	Դ	"ҵ,ƶ/(δ)"	ڡ	12k-20k
					
"ס,,߸,ѹ"	Ȧ		"ƶ,/ɳ(Ҫ)"	ݡ	5k-8k
					
"Ʒǰ,ӢŶ,,Ϸ黳"	Ϸ	C++ʦ	Ϸ/(ʹ)	ڡͷ	15k-25k
					
ԹչǱʦĻΧɡ		Թʦ	"ƶ,ݷ/(δ)"	Ϻݷׯ	8k-15k
					
"һ,Ȩ,Ͳ,չռ"	ȸ	Ϸƽ̨߼	"ƶ,Ϸ/(ʹ)"	ݡ԰	10k-20k
					
"Թ,нݼ,˫н,չǱ"		JAVAʦ	"ƶ,ݷ/(δ)"	Ϻݷׯ	10k-18k
					
"н,,,ಹ"	Ƽ	۴/ҵԱ///۹ʦ	"ƶ,ҵ/(δ)"	ݡ齭³	4k-8k
					
ְнָտɴ	Ϻ漺˽Ƽ޹˾	ƽ	Ļ/ɳ(Ҫ)	Ϻ˰۰	5k-10k
					
"н,ร,ƽ̨,߼Ч"	Ƽ	߼UIʦ/UIʦ/UIʦ	"ƶ,ҵ/(δ)"	ݡ齭³	3k-6k
					
"ס,˫,Թ,˾Ρ"	Ȧ	רԱ	"ƶ,/ɳ(Ҫ)"	ݡ	4k-6k
					
"չռ,Դḻ,ĩ˫ݡ"	ڹȴѧǴҵ԰		/(Ҫ)	ݡ	16k-20k
					
"˫,ס,˾,Թʱ"	Ȧ	гӪ	"ƶ,/ɳ(Ҫ)"	ݡ	6k-8k
					
쵼nice Ů Ŀǰ ҵ	Ϻ漺˽Ƽ޹˾	ýӪ	Ļ/ɳ(Ҫ)	Ϻ˰۰	4k-6k
					
һ𣬽ոн٣Ч	ѧ	CEO	"ҵ,ƶ/ɳ(B)"		7K-14K
					
쵼nice Ů Ŀǰ ҵ	Ϻ漺˽Ƽ޹˾	ʦ	Ļ/ɳ(Ҫ)	Ϻ˰۰	5k-10k
					
"չռ,ϰ,,ո"	QiXinChungZhan	ѷרԱ	"ƶ,/(Ҫ)"	ڡ	4k-6k
					
"ս,ո,зչռ,ó˾"	QiXinChungZhan	ѷ/	"ƶ,/(Ҫ)"	ڡ	4k-6k
					
"չռ,ϰ,ս,ո"	QiXinChungZhan	ѷӪרԱ	"ƶ,/(Ҫ)"	ڡ	5k-7k
					
"ס,˫,˾Ρ"	Ȧ	ýӪ	"ƶ,/ɳ(Ҫ)"	ݡ	3k-6k
					
"ٷչ,ŶӷΧ,"	ñ	ݲֿ⿪ʦ	",ƶ/(C)"	Ͼ껨̨	8k-15k
					
"ٷչ,ŶӷΧ,"	ñ	Javaʦ	",ƶ/(C)"	Ͼ껨̨	10k-15k
					
רҵѵ ȫڽ Ա ո	Ϻ漺˽Ƽ޹˾	javaʦ	Ļ/ɳ(Ҫ)	Ϻ˰۰	12k-20k
					
",нʷ,Թ,Χɡ"	ǻǰ;	ԱӪ	Ļ/(Ҫ)		8k-10k
					
һ𣬽ոн٣Ч	ѧ	ѧϰ/ѯ	"ҵ,ƶ/ɳ(B)"		8k-16k
					
"ϰ˺,չռ,ո,ս"	QiXinChungZhan	ѷƷ༭	"ƶ,/(Ҫ)"	ڡ	4k-6k
					
ɡٷչڣá		ǰ̨	",ƶ/(δ)"		4K-5K
					
"չռ,ĩ˫,Դḻ"	ڹȴѧǴҵ԰	Ŀ	/(Ҫ)	ڡǰ	5k-8k
					
"ٷչ,ƽ,Ŷպá"	ñ	Ӿƽʦ	",ƶ/(C)"	ʮﱤ	8k-15k
					
"һ,Ͳ,,չռ"	ȸ	˸߼ʦ	"ƶ,Ϸ/(ʹ)"	ݡ԰	10k-20k
					
԰ס4죬Ӱಹռ	㶫ʷ	Ա	/(Ҫ)	ٶ	2K-3K
					
Ŀ ˾ Outing ɡ	Ϻ漺˽Ƽ޹˾	İ༭	Ļ/ɳ(Ҫ)	Ϻ˰۰	5k-10k
					
"нʴ,һ,н,ո"	ǧѰǾ	߼UEʦ	"ƶ,/(Ҫ)"	ڡƼ԰	10k-20k
					
һ𣬽ոЧ	ѧ	ѵ	"ҵ,ƶ/ɳ(B)"		8k-16k
					
"ٷչ,ƽ,Ŷպá"	ñ	г	",ƶ/(C)"		10k-20k
					
",Ŀ,Ͳ,һ"	ȸ	ϷӪ߼	"ƶ,Ϸ/(ʹ)"	ݡ԰	10k-20k
					
ƱȨ ٤ ÿ2νн	Сȹ	ƷƲ߻	"ƶ,ҽƽ/ɳ(A)"		8k-16k
					
",Ŷǿ,ԱΡ"		ƹ㾭	"罻,/(ʹ)"	Ϻ	5k-9k
					
ãĥʽȡ		İ߻	"罻,/(ʹ)"	Ϻݷׯ	5k-8k
					
"ƹ˾,ա"	һ	ƷƲ߻	"Ļ,/(δ)"	ݡ	5k-8k
					
"һ,Ա,,Ͳ"	ȸ	PHPʦ	"ƶ,Ϸ/(ʹ)"	ݡ԰	4k-7k
					
Ա	Ƽ	PHPзʦ	"ƶ,/(δ)"	ݡ	2k-3k
					
չռ	С	JAVA߼ʦ-̷	"ƶ,/(Ҫ)"	Է	20k-25k
					
ҵߡ		Javaʦ	",ƶ/й˾"		20K-40K
					
"ʳ,Ͳ,,ϡ"		ƵĿ༭ʵϰ	",ݷ/ɳ(B)"	ݡ	2k-3k
					
"нʴ,һ,ո"	ǧѰǾ	UEʦ	"ƶ,/(Ҫ)"	ڡƼ԰	10k-20k
					
չռн긣ãԻ	߱	ѷӪӢ¹ձ	/	ڡƽ	5K-10K
					
Ŀ 쵼nice Ů ɶȸߡ	Ϻ漺˽Ƽ޹˾	Ӣı༭	Ļ/ɳ(Ҫ)	Ϻ˰۰	5k-8k
					
"Ŷӿ,չռ,ƷȨ,Χá"	ϷϢ	ܼ	"ƶ,ҵ/(Ҫ)"	ݡʯ	15k-30k
					
һȺʹеˣΰ칫		ƽʦ	"罻,/(ʹ)"	Ϻ	4k-8k
					
һ𡢵Թѽǧû	˼	Android߼ʦ	"ƶ,罻/(ʹ)"		25k-40k
					
ƱȨ		߼㷨ʦ	",ƶ/й˾"		25k-40k
					
ǿ		Javaʦ	",ƶ/й˾"	ݡ	20k-35k
					
"ɳռ,ƽ,ӢΧ,ࡱ"	Ӣ	ĵ绰ͷ绰ۣ	",/ɳ(A)"		5k-7k
					
Ʊһ𣬰ԣǧû	˼	Android߼ʦ	"ƶ,罻/(ʹ)"		15k-30k
					
չռн긣ѣԻ	߱	óҵԱ	/	ڡƽ	5K-10K
					
ữסܹΡ			/	šκ·	3K-6K
					
ԹơӢﻷ޴Ľռ䡱	Ӣ	ѧϰʣ߽ࣩ	",/ɳ(A)"		7k-9k
					
һ𣬹Ʊԣѽ	˼	Python߼ʦ	"ƶ,罻/(ʹ)"		20k-35k
					
"ռ,ĩ˫,һ,á"	ΨƷ	ʼרԱס	/й˾	ݡ׶̶	4k-6k
					
"Ӫ,,һ,רҵѵ"	ΨƷ	߼/ݷרԱУ	/й˾	ݡ׶̶	6k-8k
					
"ɳռ,ƽ,ӢΧ,Ȩ"	Ӣ	Ŀ	",/ɳ(A)"		15k-20k
					
"ɸ,,ʱ,ᡱ"	M-DSTUDIO	ͷ	"Ӫ,/(Ҫ)"	ڡȳ	4k-5k
					
ƱȨ		scalaʦ	",ƶ/й˾"		25k-35k
					
"˫н,һ,ĵȫ,Ǳ󻯡"	ݺƼ޹˾	İ߻/༭	",ƶ/(ʹ)"	ڡ÷	5k-7k
					
"Ӫ,ṩס,һ,"	ΨƷ	ΨƷ߿ͷס	/й˾	ݡ׶̶	3k-5k
					
ɸߣͻԴ˾ṩ	ҫĻ	н۴	/(δ)	ƽ	3K-6K
					
һ𣬰ԣѽҵ	˼	׼Ƽ	"ƶ,罻/(ʹ)"		20k-40k
					
һ ˫ ṩס ѵ  Ч	Ƕ	.NET	/ɳ(Ҫ)	ݡ⽭	6k-10k
					
"н,һ,,ڡ"	˹̹ǱӢ	Ա	/(δ)		4k-6k
					
ԹơӢﻷ޴Ľռ䡱	Ӣ	γ̹ʣ߿γ̹ʣ	",/ɳ(A)"		8k-15k
					
Թ ƽ   DIY	ýϷ	COCOS2D-Xǰ˿	"Ϸ,ƶ/(ʹ)"	ڡƼ԰	10k-18k
					
"ƽʽ,Ŷ,Թ,Ǳ󻯡"	ݺƼ޹˾	ƽʦ	",ƶ/(ʹ)"	ڡ÷	4k-7k
					
"רҵѵ,ƽ,Ӫ,ṩסޡ"	ΨƷ	ΨƷ绰/߿ͷ	/й˾	ݡ׶̶	3k-5k
					
"ʳ,һ,ս,쵼á"	˼	Ƹѧͽʳ	Ļ/(δ)	ׯ	5k-8k
					
һ ˫ Ч  ѵ	Ƕ	ƽʦ	/ɳ(Ҫ)	ݡ⽭	6k-8k
					
"˫н,˷Χ,Ӯʽ,רҵѵ"	ݺƼ޹˾	ͷ	",ƶ/(ʹ)"	ڡ÷	4k-6k
					
ҵ˾ ְλչá		ƷɹרԱ/(004182)	",O2O/(Dּ)"	ݡԽ	4k-8k
					
"һ,ѽ,,˫н"	˼		"ƶ,罻/(ʹ)"	֪·	10k-20k
					
һ𣬽ոƷշֺ족	Ƕ	˸߼ʦ	/ɳ(Ҫ)	ݡ⽭	20k-30k
					
"ǰ,,ʱ,롱"	M-DSTUDIO	Ӿܼ	"Ӫ,/(Ҫ)"	ڡȳ	5k-6k
					
"Ӫ,ṩס,һ,ͨ㡱"	ΨƷ	ΨƷͷרԱ	/й˾	ݡ׶̶	3k-5k
					
 Թ	ýϷ	Ϸ	"Ϸ,ƶ/(ʹ)"	ڡƼ԰	6k-8k
					
"סȫ,ʳṩ,Թ,칫"	־Ƽ	JAVĄ	"ƶ,罻/(ʹ)"	ɶ	8k-12k
					
ԹģʽʦѵĴģʽ	ݺƼ޹˾	ʦ	",ƶ/(ʹ)"	ڡ÷	6k-8k
					
"ʳ,һ,ս"	˼	ƸӰѧͽʳ	Ļ/(δ)	ׯ	5k-8k
					
һȫڽոרҵѵ	е»	׼/н۴/绰γ̹	"ƶ,/(C)"	ݡ	6k-10k
					
"IPĿ,¶ȷֺ,˾ǰá"	ýϷ	2D	"Ϸ,ƶ/(ʹ)"	ڡƼ԰	15k-20k
					
ְλչ ҵ˾		ӪרԱ(004179)	",O2O/(Dּ)"	ݡԽ	4k-6k
					
"һ,Ա,н,Թ"	˾	Ա/֣ˡϷȣ	",ƶ/ɳ(Ҫ)"	Ž	10k-20k
					
һθʳṩƷ	Ƕ	ýӪ	/ɳ(Ҫ)	ݡ⽭	5k-9k
					
"һ,Ч,н,ԱΡ"	˾	㽻Ա	",ƶ/ɳ(Ҫ)"	Ž	10k-20k
					
Թ̸	飨Ƽ޹˾	İ׫д	"ƶ,Ļ/(ʹ)"	ׯ	3K-6K
					
"ʳ,һ,ս,쵼á"	˼	ƸԼԱʳ	Ļ/(δ)	ׯ	5k-8k
					
"н,˫н,һ,ѽ"	˼	FacebookͶ	"ƶ,罻/(ʹ)"	֪·	7k-14k
					
˾ǰ ˫ һ	ߴ	Թʦ	"ƶ,/й˾"	ݡĽ	4K-8K
					
ãչƽ̨		г߻רԱ(003311)	",O2O/(Dּ)"	ݡ	4k-6k
					
"Ȩ,һ,Թ,˫н"	ͩ	ŮƵα༭	ƶ/ɳ(A)		6k-8k
					
"˾ǰ,˫,һ"	ߴ	άʦ	"ƶ,/й˾"	ݡ	6k-12k
					
 Թ	ýϷ	ϵͳ߻Σ	"Ϸ,ƶ/(ʹ)"	ڡƼ԰	10k-20k
					
ƽ֯ Թ һ Ȩ	Ѹ	PHPʦ	O2O/(δ)		7k-14k
					
"Ȩ,ƽ,һ"	Ѹ	iosʦ	O2O/(δ)	ڡ	7k-14k
					
"ʳ,һ,ս,쵼á"	˼	Ƹѧͽ	Ļ/(δ)	ׯ	5k-8k
					
н6~8kһ𣬴н١	װ	۴	"ƶ,/(C)"	ϲ	6K-8K
					
"պ,á"		ڲƷ	"ƶ,ݷ/(Ҫ)"		15k-25k
					
"˾ǰ,˫,һ,Ѱ೵"	ߴ	зʦ	"ƶ,/й˾"	ݡຼ	10k-15k
					
һ𣬴н٣ո	ofo	-ͬ	ƶ/(Dּ)		15k-30k
					
ĩ˫?Թ?һ?˫н		רԱ	/(δ)		3K-6K
					
"һ,ѽ,͡"	˼	׼Ƽ	"ƶ,罻/(ʹ)"	֪·	20k-40k
					
ƽ֯ Թ һ Ȩ	Ѹ	Ʒ	O2O/(δ)	ڡ	8k-14k
					
һ𣬴н٣ո	ofo	ר	ƶ/(Dּ)		15k-30k
					
"л,Ѷ,Χ,һ"	߳	ӪרԱ	"ƶ,/ɳ(A)"	йش	5k-10k
					
ĩ˫ݣ˫нӰಹƷ	Ӿ	.NETʦ	"ƶ,ҵ/(δ)"	ɶ	4k-6k
					
"ƽ֯,Թ,һ,Ȩ"	Ѹ	ݿ⹤ʦDBA	O2O/(δ)	ڡ	18k-22k
					
ϵͳܹʵսָչռ	׹	Pythonʦ	ҵ/ɳ(Ҫ)	ݡ	4k-8k
					
Թʱʳ쵼á	߳	ýӪרԱ	"ƶ,/ɳ(A)"		5k-10k
					
ͬе˱ȥҪ	߳	ýӪʵϰ	"ƶ,/ɳ(A)"	¹	2k-4k
					
"Թ,н١"	һ¿Ƽ	İ߻	"ƶ,/(δ)"	ڡ	4k-7k
					
С죬Ļ	׹	Pythonʵϰ	ҵ/ɳ(Ҫ)	ݡ	2k-4k
					
"ά,ȫԶ"	׹	ϵͳά	ҵ/ɳ(Ҫ)	ݡ	4k-8k
					
"90Ŷ,칫á"		ƽ\ͼ\Ʒʵϰ	/(Ҫ)	Ϻ߱	2k-4k
					
"籣,н,ո,Թ"		۾	"ƶ,O2O/(Ҫ)"	ɳܽ	3k-6k
					
"Ч,,2D"	۷ռ	Чʦ	ƶ/ɳ(B)	ϺܼҶ	8k-10k
					
"һ,ѽ,,˫н"	˼	гרԱ	"ƶ,罻/(ʹ)"	֪·	7k-14k
					
"һ,δ˫,ո,Ч"	ʢӯ	javaʦ	/й˾	ݡݴ	4k-8k
					
",3ds M"	Ϻ	ʦ	/(δ)	Ϻɽ	6k-8k
					
ֵܸƽ̨Էӡ	߳	ɹʵϰ	"ƶ,/ɳ(A)"	¹	2k-4k
					
"һ,ڼո,ߵн+,˧Ůࡱ"	ѻƼ޹˾		",ƶ/(δ)"	ڡ	6k-10k
					
",鲻,ᳯ,ҵ͹˾"	Ϻиó޹˾	Ӱʦƽʦ	"ƶ,/ɳ(Ҫ)"	Ϻ	5k-10k
					
õѵƣһһˡ	׹	Pythonʦ	ҵ/ɳ(Ҫ)	ݡ	4k-8k
					
ҵԹŶӸź	sweetmom콢	ҳƷʦ	/ɳ(B)	Ϻ	4k-8k
					
գн١Сܡ		ͻ	"ƶ,O2O/(Ҫ)"	ɳܽ	4k-8k
					
"δ˫,һ,רҵѵ,ո"	ʢӯ	רԱ	/й˾	ݡݴ	4k-8k
					
"һ,˫н,ս,Ƚ"	С	ʦ鳤	"Ļ,Ӫ/(Ҫ)"	ݡ԰	5k-8k
					
"һ,δ˫,ո,רҵѵ"	ʢӯ	ƹרԱ(й˾+һ)	/й˾	ݡݴ	4k-6k
					
Թڸóҵᡱ	sweetmom콢	UIʦ	/ɳ(B)	Ϻ	4k-8k
					
ţദչǱޣš		C/C++̨ʦ	"ƶ,ҵ/(ʹ)"	ڡƼ԰	15k-25k
					
"Ա,"	˹Ʒ	Ա	/(C)	ݡɳ	3k-5k
					
"쵼,Ŷţ,ҵ,ɳ족"		ͷרԱ	ҵ/ɳ(A)		4k-7k
					
͵ ս  Ŷӡ	sweetmom콢	Ӱʦ	/ɳ(B)	Ϻ	4k-8k
					
"쵼,Ŷţ,ҵ,ɳ족"		ͷ	ҵ/ɳ(A)		3k-6k
					
",ƹ,,ϢѼ"	Ctoutiaoͷ	۹	ҵ/(ʹ)		5k-10k
					
Ŷ ׵顱		Ʒͷʵϰλ	ҵ/ɳ(A)		3k-6k
					
ннݼ15缶ƽ̨Ŷӡ	eBay	Senior/StaffJavaEngineer	/й˾	Ϻֶ	30k-60k
					
"ṩʳ,Ч,ȫڽ,ո"	һ¿Ƽ	Թʦ	"ƶ,/(δ)"	ڡ	4k-7k
					
ȫ	űѡƼ	Ʒƾ	"ƶ,Ӳ/ɳ(B)"	ڡɽ	15k-22k
					
ڴ˿ɻϵͳѵõĽ	ƺɽʤ	ƺɽʤͷԱ	/	ڡƺɽ	2K-4K
					
ȫ	űѡƼ	ý龭	"ƶ,Ӳ/ɳ(B)"	ڡɽ	12k-20k
					
"չǰ,5,5,5֡"		.net̨ϵͳ߼ʦ	"ƶ,ݷ/ɳ(Ҫ)"	ڡ	10k-15k
					
"ŶӷΧ,н,ռ,ƽ̨ǰá"	ʦ	ͷ	ƶ/(Ҫ)	ݡ˺	8k-15k
					
IPľϷйµľϷ	ɣ	U3Dͻ˿ʦ	"Ϸ,Ļ/(Ҫ)"	ڡƼ԰	15K-20K
					
",ⷿ,Թ,˫н"	̳	˿ʦ	"ƶ,罻/(Ҫ)"	ڡɽ	8k-15k
					
"һ,չռ,,쵼á"	Ϸ	Javaʦ	"Ϸ,ƶ/(δ)"	ݡʯ	9k-12k
					
һѧϰռ䣬Сܡ	е»	γ̹/绰/	"ƶ,/(C)"	ݡ	6k-8k
					
",13нˮ,н,鲻ޡ"	sweetmom콢	sweetmom콢ӰʦӰӰ	/ɳ(B)	Ϻ	5k-10k
					
ƽơ	Ϻ	ƽʦ	/(δ)	Ϻɽ	4k-8k
					
"չռ,ŶӷΧ,ѧϰɳ,"	ʵҽ	Ӫ	",ҽƽ/ɳ(A)"		5k-8k
					
"쵼,Ŷţ,ɳ족"		HRʵϰ	ҵ/ɳ(A)		3k-5k
					
",ɡ"	ʴ	SEO/ŻƹרԱ	"ƶ,/(Ҫ)"	ڡƼ԰	6k-10k
					
"Թʱ,н,,͡"	ʳ	Դ	"Ӫ,/(δ)"	ݸݸϽ	6k-10k
					
ʸƣ£ʡ	ŵ	RubyonRailsʦ	",ҵ/й˾"	ݡ	7k-10k
					
"һ,λ,ϰ,ĩ˫ݡ"	ŵ	ԶԹʦ	",ҵ/й˾"	ݡ	6k-8k
					
",˫,һ,á"	Ϣ	ά	"ƶ,/(ʹ)"	ɳ	6k-10k
					
"չǰ,5,5,5֡"		.net̨ϵͳ߼ʦ	"ƶ,ݷ/ɳ(Ҫ)"	ڡ	10k-15k
					
K衢Ρ۲͡չ	׽	۴/ͻ	",ƶ/"	ݡ	5K-8K
					
"ԾŶ,ƽ,һ,ռ䡱"	ͬԢ		",O2O/ɳ(Ҫ)"	ɶ	4k-7k
					
",Ǹ,ֺ족"	ʴ	PHPܹʦ	"ƶ,/(Ҫ)"	ڡƼ԰	16k-20k
					
",Χ,ռ,Ӷࡱ"	ΪϢ	Androidϵͳʦ	"ƶ,Ӳ/(δ)"	ڡ°	9k-15k
					
"ϰ,ѵ,,ࡱ"	ŵ	ProjectManager	",ҵ/й˾"	ݡ	8k-10k
					
"չƽ̨,,,Χɡ"	ι	г	"ƶ,O2O/ɳ(B)"	ڡɽ	10k-20k
					
߸á	һԶĹ˾	̨	"ƶ,罻/(δ)"	ݡǰ	6K-12K
					
ĩӰಹ˫н	ͼ	3Dģʦ	Ϸ/ɳ(Ҫ)	ݡ	5k-9k
					
"ռ,Ŷ,ɹ"	ͼ	3Dɫģ/ɫģ	Ϸ/ɳ(Ҫ)	ݡ	4k-6k
					
"һ,չռ,,쵼á"	Ϸ	Androidʦ	"Ϸ,ƶ/(δ)"	ݡʯ	6k-8k
					
쵼á˾ƽ̨á	˵	JAVAʦ	O2O/(δ)	ׯ	15k-30k
					
쵼á˾ƽ̨á	˵	400绰ͷ	O2O/(δ)	ׯ	5k-9k
					
",,Ч,Ŀɡ"		۾	"ƶ,ҵ/(δ)"	Ͼ껨̨	4k-8k
					
","	ʴ	վ	"ƶ,/(Ҫ)"	ڡƼ԰	4k-6k
					
áתᡢרɡ	Ƽ	Աʵϰ/ʽ	"ҵ,ݷ/й˾"		2k-4k
					
"˫,Թ,Աۻᡱ"	׵	ӪרԱ/	",ƶ/(Ҫ)"	ݡͬ	3k-6k
					
"󱳾,Ŀ,˾ǰ,ŶӺг"		Ϸ	Ϸ/ɳ(A)		8k-12k
					
"Թʱ,н,ĩ˫,͡"	ʳ	İ߻༭	"Ӫ,/(δ)"	ݸݸϽ	3k-6k
					
нʴ	Ҹ	ýӪ	O2O/(δ)	麣	4k-6k
					
"ռ,,ѵ,ԱΡ"	Ϻſڴʵҵ޹˾ζֹ˾	Ӫ	",ƶ/(δ)"	Ϻζ	8k-16k
					
"ϰ,ѵ,,ࡱ"	ŵ	Node.jsʦ	",ҵ/й˾"	ݡ	8k-15k
					
"ռ,ӳ̶ȸߡ"			"ƶ,/ɳ(B)"	ڡ	10k-15k
					
"չǰ,߶,ҵŶ,š"	Ѷ	ǰͷ	",ҵ/(Ҫ)"	ݡ齭³	5k-7k
					
"Ч,˴,ɳ,13н"	ͼ	2Dɫԭ	Ϸ/ɳ(Ҫ)	ݡ	3k-5k
					
",߽,,ƽ"	Ӿ	绰ۡչKAͻ	",ҵ/(Ҫ)"	֣ݡ	4k-8k
					
"ҵ,չƽ̨,,Χɡ"	ι	վӪܼ	"ƶ,O2O/ɳ(B)"	ڡɽ	20k-40k
					
ƽ̨ չռ	˵	JAVAʦ	O2O/(δ)	ׯ	15k-30k
					
"ռ,ս,쵼˺á"		ֵ߻	Ϸ/ɳ(A)		8k-12k
					
ãʱɣ빫˾ͬɳ	Ƽ	ݱ༭	ƶ/(Ҫ)	Ϻͨѧ	4k-8k
					
"ռ,Ŀ,쵼˺,󱳾"		Ŀ/	Ϸ/ɳ(A)		8k-12k
					
׫д1000Ԫϣɡ	רί	˻ר	"ҵ,/(Ҫ)"	Դ	10K-20K
					
ơ	Artiart	ƽʦ	/ɳ(Ҫ)	̫	6k-8k
					
",չռ,ѵ,ԱΡ"	Ϻſڴʵҵ޹˾ζֹ˾		",ƶ/(δ)"	Ϻζ	8k-16k
					
"һ,ո,ս,Ч"	гάʵҵ޹˾	۹ʦ	/(δ)	ڡ	6k-10k
					
"Թ,˫н,ҵǰ,ʳޡ"	̳	ӪרԱ	"ƶ,罻/(Ҫ)"	ڡ	4k-6k
					
ĩӰಹ˫н	ͼ	3Dмģʦ	Ϸ/ɳ(Ҫ)	ݡ	4k-5k
					
"Ŀ,ĩ˫,˾,չǰ"	Ѷ	Ӫ/Ʒƹ	",ҵ/(Ҫ)"	ݡ齭³	5k-8k
					
"CTO,ܼ,ϻˡ"	Ѱ	ܼCTO	O2O/ɳ(B)		20k-30k
					
ƽ̨ չռ	˵	Ŀͷ	O2O/(δ)	ׯ	4k-8k
					
","	ʴ	PHPԱ	"ƶ,/(Ҫ)"	ڡƼ԰	8k-10k
					
"óҵԱ,,,"		óҵ/ҵ///	"ƶ,ҵ/(δ)"	ڡǿ	4k-6k
					
"һ,Ч,ᡱ"	Ѷ	PHP	",ҵ/(Ҫ)"	ݡ齭³	5k-8k
					
"ƽ,н,´⡱"	Artiart	İ߻	/ɳ(Ҫ)		5k-9k
					
",һ"	׷	רԱ/hrbpо	ƶ/(δ)	Ϻ	4k-8k
					
",ƽ,,Χá"	Artiart		/ɳ(Ҫ)		6k-8k
					
ռ	Ƽ	UIʦʵϰ	ƶ/(Ҫ)	Ϻͨѧ	3k-6k
					
"лʳ,԰,վǮ,Χ򵥡"	ᳲѡ	Ʒ	",/(ʹ)"	ݡӴ	5k-10k
					
phper쵽~ʮ㣡	׷	PHP߼ʦ	ƶ/(δ)	Ϻ	10k-15k
					
"ת,̵,Ŀڶ,ʵǿ"	Ѷ	PHP-ʵϰ	",ҵ/(Ҫ)"	ݡ齭³	1k-2k
					
"һ,,˫н,Ч"	Ƽ	Ϸ	"ƶ,Ϸ/(δ)"	ϲ	2k-4k
					
"ƽ,,,90"	Artiart	İ	/ɳ(Ҫ)		5k-8k
					
BATĻһ		UIʦ	ƶ/(ʹ)	ݡŶ·	8k-11k
					
ƽ˫ݡ쵼nice	׷	APPʦ	ƶ/(δ)	Ϻ	6k-12k
					
һ ǩ ѵ Ρ	ѶƼ	۹	/(δ)	򡤴ֱ	8k-10k
					
BATͬһ		iOSʦ	ƶ/(ʹ)	ݡŶ·	7k-12k
					
ϰɵǮ࣬棬ʳˮϰ಻򿨡	è	3Dģ	"ƶ,/ɳ(A)"	ڡƼ԰	6k-12k
					
"ƶ,ɳռ,,ˡ"	С	ǰʵʩʦ	"ƶ,/(δ)"	人¼	4k-5k
					
"ƶ,ɳռ,,ˡ"	С	ǰʦǰ	"ƶ,/(δ)"	ϡ	4k-5k
					
"н,ƽ̨,,ɡ"		ͻн6500	"ҵ,Ӫ/(Ҫ)"	˳	8k-10k
					
BATͬһ		Androidʦ	ƶ/(ʹ)	ݡŶ·	8k-12k
					
ţ Χ չ 	ʲ	߼Javaʦ	"ƶ,/ɳ(B)"	Ϻ	15k-25k
					
"ƶ,ɳռ,,ˡ"	С	ʦʵʩǰ	"ƶ,/(δ)"	Ͼ	4k-6k
					
"ս,Χ,ٳɳ,"	Ͱ	Ӫƽ̨Javaʦܹʦ	"ƶ,/й˾"	ݡຼ	25k-50k
					
"㾭,нѵ,,ƽ̨"		985/211н6500߶	"ҵ,Ӫ/(Ҫ)"		8k-10k
					
ְϱգ쵼ùͨͬºദ	Ͷ		/(δ)	ó	4K-6K
					
һ˫нսԹ	ʲ	Զ	"ƶ,/ɳ(B)"	Ϻ	18k-25k
					
Ŀ		Ŀ	"ƶ,ҵ/(δ)"	ڡ	8k-16k
					
",ʱ,ռ"	ũNBI	Ӳʦ	"Ӳ,ƶ/(ʹ)"	ڡƼ԰	10k-15k
					
"һ,ǰ,,ɷӡ"	ϰ	۾-	",Ӳ/(ʹ)"	ڡƼ԰	8k-10k
					
ũڡӦڡŴ	ʲ	ͷרԱ	"ƶ,/ɳ(B)"	Ϻ	4k-6k
					
ϵչռ		Ӫ	ƶ/й˾	ϡ	6K-12K
					
"ŶӺ,Χ,ռ,bossá"	Ƽ	ƽ	"ƶ,/(Ҫ)"	ݡ	8k-15k
					
չռ󣬴š	ũNBI	webǰ	"Ӳ,ƶ/(ʹ)"	ڡƼ԰	6k-12k
					
ȫ򶥼̬Ŷ+һн긣	WESTWELLlabƼ	ѧϰʦ	"ݷ,Ӳ/(ʹ)"	Ϻ·	14K-24K
					
"˫н,н,н,Ρ"	ǰٽ	Unity3Dʦ	ƶ/ɳ(B)	ڡ	6k-12k
					
",ڶ,ռ,á"	WESTWELLlabƼ	C++зʦ	"ݷ,Ӳ/(ʹ)"	Ϻ·	10k-16k
					
"ո,ԱΡ"	׹Ԣ		O2O/(δ)	ɶ	3k-5k
					
",ӿռ"	ũNBI	Ƕʽʦ	"Ӳ,ƶ/(ʹ)"	ڡƼ԰	10k-12k
					
"н,籣"	׹Ԣ	װʦ	O2O/(δ)	ɶ	3k-6k
					
"Թ,һ,н,ԱΡ"	ɷ	ʦ	"ƶ,Ϣȫ/(δ)"	ڡ	4k-6k
					
"ҵĻ,ռ,,ڶࡱ"	WESTWELLlabƼ	Ŀ	"ݷ,Ӳ/(ʹ)"	Ϻ·	10k-15k
					
˾չǰ+н긣š	ѽ	ƷӪ	/(Ҫ)	ڡƼ԰	7k-14k
					
"һ,Ч,ս,ɡ"	ϰ	̷רԱ	",Ӳ/(ʹ)"	ڡƼ԰	6k-10k
					
һ		iOSʦ	"ƶ,/й˾"	κ	20k-35k
					
չǰ+ÿ15н+칫ʡ	ѽ	¼	/(Ҫ)	ڡƼ԰	4k-6k
					
"ź,ΧǢ,ʦĻ"	ʲ	ܹʦ	"ƶ,/ɳ(B)"	Ϻ	25k-35k
					
"Χ,дţ"	Ҽ	PHP߼ʦ	"ƶ,/ɳ(A)"	ڡɽ	12k-18k
					
һ		Androidʦ	"ƶ,/й˾"	κ	20k-35k
					
"չ,ڶ,á"	WESTWELLlabƼ	άʵϰ	"ݷ,Ӳ/(ʹ)"	Ϻ·	3k-5k
					
"ƱȨ,ѵ,Ŷа,չƽ̨"	ʱ	BDרԱ	ƶ/ɳ(A)	Ϻɽ԰	9k-16k
					
Ӱ  ǰá	Ҽ	PHPʦ	"ƶ,/ɳ(A)"	ڡƼ԰	10k-16k
					
"ո,ԱΡ"	׹Ԣ	۴/ԴרԱ	O2O/(δ)	ɶ	8k-10k
					
"һ,ո,ս,Թ"	ϰ	èͷ	",Ӳ/(ʹ)"	ڡƼ԰	4k-6k
					
쵼ţƣͬºദظ˴¡	Ͷ	Ա	/(δ)	ó	5K-8K
					
ҵȵн+߶ս+ո	ѽ	ƹ㾭	/(Ҫ)		10k-20k
					
"ź,һ,й,г"	人з	߼JAVAʦ	"ƶ,/й˾"	人ɽ	9K-16K
					
ƽĿɣռ		PHPʦ	ƶ/(δ)	ݡ	8K-15K
					
һ		.netܹ	"ƶ,/й˾"	κ	20k-35k
					
"˫,"	״	İרԱ	/(Ҫ)	ݸݸϽ	3k-6k
					
ɡŵļΧд뷨	ʱ	JavaʦƼ	ƶ/ɳ(A)	Ϻɽ԰	18k-25k
					
ҵн+߶ս+ո	ѽ	Թʦ	/(Ҫ)	ڡƼ԰	10k-20k
					
"ʳ,ˣ,ȨȨ,Χ򵥡"	ᳲѡ	ӪרԱ	",/(ʹ)"	ݡӴ	5k-10k
					
"պ,ɸ,ڼո,н١"	ƻװ	ͷɻ+ͻ	",/(Ҫ)"	Ϻ	6k-8k
					
"һ,׶н"		߼PHPʦ	"ƶ,/й˾"	κ	20k-35k
					
"Ž,Թ,ս"	ƻ	ýӪ	"ƶ,Ӫ/(Ҫ)"	人»	2k-4k
					
"ϻ,Ȩ,ǰ"	Ƽ	ϻ/CTO/ܼ	"ҽƽ,/(Ҫ)"	ݡຼ	20k-40k
					
ɡŵļΧд뷨	ʱ	Javaʦף	ƶ/ɳ(A)	Ϻɽ԰	15k-25k
					
"Թ,һ,н,ԱΡ"	ɷ	Ƭʦ	"ƶ,Ϣȫ/(δ)"	ڡ	6k-9k
					
"ҵ,ȵн,ס,ѵᡱ"	֮	C++ʦ2017Ӧ	/ɳ(Ҫ)		4k-5k
					
"Ʒг,չ,ƽ,ŶӷΧ"	ŲƿƼ	Ӫ	/ɳ(A)	ڡƼ԰	4k-8k
					
",гǰ,,ƽ̨"	þ	Ʒ罻	"ƶ,ҵ/ɳ(B)"	ڡƼ԰	15k-20k
					
"н,,Ѱ೵,ɡ"		ͻ	/(C)	֣ݡ·	7k-10k
					
",,һ,ٽո"	ƻװ	ͷרԱ	",/(Ҫ)"	Ϻ	6k-8k
					
"˫,ԭơ"	״	ƽʦ	/(Ҫ)	ݸݸϽ	3k-6k
					
ɡŵļΧд뷨	ʱ	Javaʦ	ƶ/ɳ(A)	Ϻɽ԰	10k-18k
					
"һ,ս,˾Χ,չǰá"	ھ	ʦ	"ҽƽ,Ӳ/(Ҫ)"	ڡƼ԰	8k-15k
					
"ƽ,߽,,߸"	Ӿ	绰/רԱ/ͻ	",ҵ/(Ҫ)"	֣ݡ	5k-10k
					
"MBP,,Թ,н١"	ŲƿƼ	ȫջʦ	/ɳ(A)	ڡƼ԰	15K-25K
					
"ֵ,,ɳ,Χá"	ھƼ޹˾	2Cƶ˲Ʒ	"Ϸ,ƶ/ɳ(A)"	ڡɽ	10k-18k
					
"Թ,һ,н,ԱΡ"	ɷ	Ӳʦ	"ƶ,Ϣȫ/(δ)"	ڡ	6k-9k
					
"ƱȨ,ƶ,շֺ,ƽ"	ھƼ޹˾	ܾ	"Ϸ,ƶ/ɳ(A)"	ڡɽ	10k-16k
					
"һ,Ѱ೵,칫,"	anfeek	רԱ	"ҽƽ,ݷ/ɳ(A)"	人ɽ	3k-4k
					
",ԱΡ"	СƼ	BDרԱ	ƶ/(ʹ)	ݡԱ	5k-7k
					
"Ч,һ,ս,ȫڽ"	гάʵҵ޹˾		/(δ)	ڡʸ	4k-5k
					
˫ݡ	״		/(Ҫ)	ݸݸϽ	3k-5k
					
"Ʒг,չ,ƽ,ŶӷΧ"	ŲƿƼ	Ӫ	/ɳ(A)	ڡƼ԰	4k-8k
					
"ƽ,Ŷӳ,չǱ"	ͯȻ	android߼ʦ	ƶ/(δ)	ڡƼ԰	10k-15k
					
й˾һŽڡ		IPTV/OTTƷ	ƶ/й˾	Ͼ	10K-20K
					
"ţԴ,Ʒǰ;,ŶӷΧ,ת"	ŲƿƼ	ȺӪʵϰ	/ɳ(A)	ڡƼ԰	3k-5k
					
վƽ̨ͬӪ캣Ļ	˴	Ӫ	/(Ҫ)	ݡɳ	7k-14k
					
ƽ̨á	ʿ	ṹʦ	"Ļ,Ӳ/(δ)"	ڡ	4k-8k
					
"ƱȨ,ƶ,շֺ,ƽ"	ھƼ޹˾	BDչܼ	"Ϸ,ƶ/ɳ(A)"	ڡɽ	15k-30k
					
һ𣬷ڼգн١	˭ѧ	ƷӪ	"O2O,/ɳ(A)"		4K-8K
					
"н,߶,Ѱ೵,ա"		೵++Ż++ۻ+	/(C)	֣ݡ·	6k-10k
					
"羳,תȫ,ɳ족"	˴	羳Ӫ	/(Ҫ)	ݡɳ	5k-10k
					
"ţ,صҵ,ԾŶ,𳬸ߡ"	кݮ޹˾	SEM/ٶȾ۱׹1W	",/(C)"	ݡ	10k-20k
					
"չռ,,Ŷ,˾"	㽶	ƽʦ	"Ӫ,Ļ/(δ)"	人	2k-4k
					
һ ҽ ո Ͳ ɡ	鱦	Աͷ	/(δ)	ݡǰ	4k-8k
					
"칫,ŶӷΧ,Թ,˹ܡ"	roobo	ǰʦ	Ӳ/ɳ(A)	ڡƼ԰	6k-12k
					
"Ƹ,н,籣"	ľľ	ƸרԱƸ	/ɳ(Ҫ)	ݡ	5k-8k
					
"ƽ,ʱ,ź"	1Ŷ		/ɳ(A)	ڡǰ	3k-6k
					
"һ,ա"	ǻ	վӪ	ҽƽ/(δ)	ڡ	3k-6k
					
һ𣬷ڼգн١	˭ѧ	Saas	"O2O,/ɳ(A)"		4K-8K
					
ɡ	Ϸ	cocos2dxϷ	"Ϸ,ƶ/(δ)"	𻪡	15k-30k
					
"ĸλ,ƷǱ,쵼Զ,Ŷһ"	ŲƿƼ	Ӫ	/ɳ(A)	ڡƼ԰	9k-18k
					
Ŀɷݡ	Ϸ	cocos2dxϷ	"Ϸ,ƶ/(δ)"	𻪡	15K-30K
					
"˫н,һ,Ͳ,ͨ"	VIPKID	ƷӪ	/(C)		15k-25k
					
"һ,Ч,ƽ,չѸ١"	ھƼ޹˾	ӲƷ	"Ϸ,ƶ/ɳ(A)"	ڡɽ	10k-16k
					
"һ,н,ո,ͷѲ"	鱦	Ʒ	/(δ)	ݡɳͷ	6k-10k
					
",,,ơ"		Աͷ/èͷ/߿ͷ	/ɳ(Ҫ)	ɶͶ	3k-5k
					
Ұ	˴	Ӫѷ	/(Ҫ)	ݡɳ	5K-10K
					
"ƽ,ź"	1Ŷ	۾	/ɳ(A)	ڡɽ	7k-10k
					
ƽ̨á	ʿ	ӹʦ	"Ļ,Ӳ/(δ)"	ڡ	4k-8k
					
칫Խź	1Ŷ	Ӵ	/ɳ(A)	ڡͷ	4K-6K
					
"ƱȨ,һ,Թ,Ч"		רԱBD	ƶ/(ʹ)	ݡ	8k-15k
					
"нƸ,һ,ո,Ӧ"	ȪۺϹƽ̨	B2CӪ	/ɳ(Ҫ)	ϡ԰	4k-8k
					
ַӿռ䣬ź񣬹ƽ	1Ŷ		/ɳ(A)	ڡͷ	4k-7k
					
һҽաвͲո	鱦	ӪרԱ	/(δ)	ݡɳͷ	5k-8k
					
"н,١"	ľľ	12KнƸ	/ɳ(Ҫ)	ݡ	10k-15k
					
"Ʒ,á"	״	PHPзʦ	",ҵ/(δ)"	ϡ	5k-7k
					
һ ҽ Ͳ ɽ	鱦	ƹ	/(δ)	ݡɳͷ	4k-8k
					
"һ,ո,רҵѵ"	ȪۺϹƽ̨	ý༭/Ӫ	/ɳ(Ҫ)	ϡ԰	3k-6k
					
"нƸ,һ,ո,Ӧ"	н	B2CӪ	/ɳ(Ҫ)	ϡʯ	4k-8k
					
߾нϵʰ칫	ȪۺϹƽ̨	Javaʦ	/ɳ(Ҫ)	ϡʯ	5k-10k
					
"˫н,һ,Ͳ,ͨ"	VIPKID	֪ʶ⾭	/(C)		15k-25k
					
"Թ,ʳ"	ר	߼Ʒȫְ	ƶ/(ʹ)		20k-30k
					
"һ,ո,רҵѵ"	н	ý༭/Ӫ	/ɳ(Ҫ)	ϡʯ	3k-6k
					
ѧͨƣ߾нϵ	н	Javaʦ	/ɳ(Ҫ)	ϡʯ	5k-10k
					
ԱΣսȫڽн١	нͨſƼ޹˾	Android߼ϵͳʦ	/(δ)	ڡƼ԰	10k-20k
					
"ȫڽ,н,Ա,ս"	нͨſƼ޹˾	Ӳʦ	/(δ)	ڡƼ԰	6k-9k
					
ոԱΡн١ս	нͨſƼ޹˾	նҵӦ۾	/(δ)	ڡƼ԰	8k-15k
					
",ƽ,,ɡ"	Ӿ	ƽʦᡢVIװ־	",ҵ/(Ҫ)"	֣ݡ	4k-8k
					
ʵİ칫Իн긣ϵ	ȪۺϹƽ̨	ƷרԱ	/ɳ(Ҫ)	ϡ԰	4k-8k
					
ŨзΧС顱	Ƽ	Javaʦ	"ݷ,Ƹ/й˾"	人	6k-10k
					
"һ,˫,нꡱ"	Ƽ	ݿάʦ	"ݷ,Ƹ/й˾"	人ɽ	15k-25k
					
Իн긣ϵѧͨĽơ	н	ƷרԱ	/ɳ(Ҫ)	ϡʯ	4k-8k
					
"˫н,һ,Ͳ,ͨ"	VIPKID	Ч	/(C)		15k-25k
					
"صƷ,һ,ս,ƽ"	Ƽ	webǰ˿ʦ	Ƹ/ɳ(A)	ɶ	8k-15k
					
"ȫڽ,Ա,н,ս"	нͨſƼ޹˾	ֻӲԹʦ	/(δ)	ڡƼ԰	6k-9k
					
"90ҵ,ƽ,Ŷӡ"	Ƽ	Pythonʦ	Ƹ/ɳ(A)	ɶ	6k-12k
					
"չ,ƽ̨,,쵼,͡"	ôôֱ	JavaʦԳѣ	"ƶ,罻/ɳ(A)"	ϺԴ	25k-35k
					
ֻ㲻սģûǸ˵ģ	Ƽ	߼.NET	"ݷ,Ƹ/й˾"	ڡƼ԰	10k-18k
					
ޡ쵼áչѸ͡	ôôֱ	߻	"ƶ,罻/ɳ(A)"	ϺԴ	8k-15k
					
չƽ̨á	ʿ	PMC	"Ļ,Ӳ/(δ)"	ڡ	3k-4k
					
"صƷ,Ŷ,ƽ,һ"	Ƽ	Ӫ	Ƹ/ɳ(A)	ɶ	7k-12k
					
",ɳ,,顱"	AKULAKU	гչ̩/Խ	"ƶ,/ɳ(B)"	ڡ	6k-12k
					
"Թ,ʳ,Ŷӡ"	ר	ýӪʵϰ	ƶ/(ʹ)		3k-6k
					
"ϰ嶺,תڻ,,Ůơ"	ôôֱ	ͷרԱʵϰandתڻᣩ	"ƶ,罻/ɳ(A)"	ϺԴ	3k-4k
					
Ǻ	Ƽ	߼Javaʦ	"ݷ,Ƹ/й˾"	ڡƼ԰	10k-18k
					
"ṩס,нѵ,ָ,ѡչ"		̳˾רԱ/	/(Ҫ)		3k-6k
					
"нѵ,Աָ,˾պ,ѧϰƽ̨"		гƹṩס̳˾	/(Ҫ)		4k-8k
					
"ṩס,нѵ,˴,"		̳˾רԱ/ʵϰ	/(Ҫ)		3k-6k
					
 ƽ̨  쵼nice	Ƽ-ж	BD	",/ɳ(A)"	ׯ	8k-10k
					
ߵн  Χá	Ƽ-ж	й	",/ɳ(A)"	ׯ	4k-6k
					
"Ŷ,ƽ,һ"	Ƽ	绰	Ƹ/ɳ(A)	ɶ	5k-10k
					
н2800++͡	ţ	绰	/	ͬ־	5K-6K
					
"˫н,һ,Ͳ,ͨ"	VIPKID	ݷ	/(C)		10k-20k
					
Ͳ  Ƚ 쵼á	ôôֱ	APPƹ㣩	"ƶ,罻/ɳ(A)"	ϺԴ	8k-15k
					
ѡ ѡδĹȸ Ȩ		ǰ˿ʦ	/(Ҫ)		8K-15K
					
"칫,ŶӷΧ,Թ,˹ܡ"	roobo		Ӳ/ɳ(A)	ڡƼ԰	6k-8k
					
"н,Ŀ,ṩס,ȶչ"		̳˾ۺͷʵʩ֧	/(Ҫ)		3k-6k
					
лŶӣapp		Android	"ƶ,/й˾"	˴	20k-30k
					
",Ӱ,Ӷ,ҵ"	ڱ	java߼ʦ	"ƶ,/ɳ(A)"	ݡϺ	5k-10k
					
"ſĲƷ,Ŷ,ɵķΧ"	Ƽ-ж	곤	",/ɳ(A)"		5k-8k
					
ſĲƷŶӣŰݵķΧ	Ƽ-ж	ýӪ	",/ɳ(A)"	¥	8k-10k
					
"쵼,ŶӺ,չǰá"	ΨƱ	UIʦ	"ƶ,Ļ/(ʹ)"	йش	12k-15k
					
",Ӱ,,Ȩ"	ڱ	javaмʦ	"ƶ,/ɳ(A)"	ݡϺ	4k-6k
					
"ƽ,ϰͨ,ջԾ"	ڴְ	ݷרԱ	"ƶ,Ƹ/ɳ(B)"	ݡ	4k-6k
					
"ƽ,ܽ"	ڴְ	ǰ˿ʦ	"ƶ,Ƹ/ɳ(B)"	ݡ	7k-9k
					
һ ˫ Ŀ ͨ	ϢƼɷ޹˾	Թʦ	"ƶ,Ϣȫ/й˾"	ݡ·	8k-15k
					
˫н+Ȩ+Թ	WAWA.FM	Androidʦ	ƶ/(ʹ)	ݡʯ	8k-12k
workName,companySize,companyLabelList,salary,companyName,positionName
web前端,"移动互联网,旅游/成长型(A轮)",“福利待遇好，发展前景优”,8k-16k,北京趣皮士科技有限公司,北京
