证券代码,证券简称,监管类型,处理事由,涉及对象,处理日期
,,,,,
603960,克来机电,监管工作函,利润分配方案须以经审计的财务报告为基础，要求公司规范。,上市公司,2017/5/11
,,,,,
600764,中电广通,监管工作函,近日，公司董事会决议通过变更公司名称议案，称鉴于公司本次重大资产重组议案已经股东大会审议通过，公司名称拟由“中电广通股份有限公司”变更为“中国船舶重工集团海洋防务与信息对抗股份有限公司”。,上市公司,2017/5/10
,,,,,
600198,大唐电信,监管工作函,2017年5月2日晚间，网易、腾讯等市场主流媒体集中发布了有关公司与高通合作方面的报道，并被相关媒体广泛转载和解读。,上市公司,2017/5/4
,,,,,
600828,茂业商业,监管工作函,督促公司履行信息披露义务,"上市公司,董事,高级管理人员,控股股东及实际控制人",2017/5/2
,,,,,
600887,伊利股份,监管工作函,要求公司核实商务部公开的收购中国圣牧股权案审查信息与公司前期公告内容是否一致,上市公司,2017/5/2
,,,,,
601005,*ST重钢,监管工作函,对公司终止重组并进行重整事项明确监管要求,上市公司,2017/5/2
,,,,,
600139,西部资源,监管工作函,公司接到控股股东四川恒康正在筹划重大事项，涉及公司股权转让事宜。对此，我部向公司发出监管工作函。,上市公司,2017/4/28
,,,,,
600485,信威集团,监管工作函,明确对公司年报披露的监管要求,"上市公司,董事,监事,高级管理人员,中介机构及其相关人员",2017/4/28
,,,,,
600747,大连控股,监管工作函,明确年报披露相关要求。,"上市公司,董事,监事,高级管理人员,中介机构及其相关人员",2017/4/28
,,,,,
600828,茂业商业,监管工作函,督促公司明确股东业绩承诺补偿相关事项,"上市公司,控股股东及实际控制人",2017/4/28
,,,,,
600579,天华院,监管工作函,要求公司核查报告期内发生的非经营性资金占用情况并进行整改,"上市公司,董事",2017/4/27
,,,,,
600759,洲际油气,监管工作函,公司将于今日召开媒体说明会，按照本所上市规则，拟对公司发出监管工作函，明确媒体说明相关信息披露监管要求。,"上市公司,董事,监事,高级管理人员,控股股东及实际控制人",2017/4/27
,,,,,
603800,道森股份,监管工作函,要求公司核查报告期内发生的非经营性资金占用情况并进行整改,"上市公司,董事",2017/4/27
,,,,,
600385,山东金泰,监管工作函,核实股东增减持事项,一般股东,2017/4/26
,,,,,
600309,万华化学,监管工作函,关于公司及控股股东有关承诺履行事项,控股股东及实际控制人,2017/4/24
,,,,,
601117,中国化学,监管工作函,关于公司信息披露事项的监管工作函,上市公司,2017/4/24
,,,,,
600010,包钢股份,监管工作函,对公司聘任董事会秘书相关事项明确监管要求,上市公司,2017/4/21
,,,,,
600074,保千里,监管工作函,督促公司合理安排利润分配方案,上市公司,2017/4/20
,,,,,
600267,海正药业,监管工作函,"业绩预告变脸,重大合同信息披露不及时,不完整。",上市公司,2017/4/20
,,,,,
600691,阳煤化工,通报批评,关于对阳煤化工股份有限公司股东拉萨香凤股权管理有限公司予以通报批评的决定,一般股东,2017/4/18
,,,,,
601636,旗滨集团,公开谴责,关于对株洲旗滨集团股份有限公司独立董事周金明予以公开谴责的决定,董事,2017/4/18
,,,,,
600614,鼎立股份,通报批评,关于对鹏起科技发展股份有限公司及有关责任人予以通报批评的决定,"上市公司,董事,高级管理人员",2017/4/17
,,,,,
600810,神马股份,公开谴责,关于对神马实业股份有限公司及有关责任人予以纪律处分的决定,"上市公司,董事,高级管理人员",2017/4/17
,,,,,
601801,皖新传媒,监管工作函,就公司筹划重大对外投资停复牌相关事项发监管工作函。,上市公司,2017/4/17
,,,,,
600050,中国联通,监管工作函,明确公司混改事项相关信息披露要求。,上市公司,2017/4/12
,,,,,
600747,大连控股,监管工作函,关于大连大福控股股份有限公司的监管工作函,上市公司,2017/4/12
,,,,,
603999,读者传媒,监管工作函,要求公司按照临时公告格式指引要求，履行高送转方案的审议程序，并做好披露工作。,"上市公司,董事,监事,高级管理人员,控股股东及实际控制人",2017/4/12
,,,,,
600143,金发科技,监管工作函,关于公司重大资产重组停复牌相关事项的监管工作函,上市公司,2017/4/11
,,,,,
600469,风神股份,监管工作函,关于公司重大资产重组停复牌及信息披露相关事项,上市公司,2017/4/11
,,,,,
603108,润达医疗,监管工作函,关于公司重大资产重组停复牌及信息披露相关事项,上市公司,2017/4/11
,,,,,
600744,华银电力,监管工作函,对公司控股股东改革事项明确监管要求,上市公司,2017/4/10
,,,,,
600753,东方银星,监管工作函,要求公司及其股东加强规范运作，维护投资者利益,"上市公司,一般股东",2017/4/7
,,,,,
601991,大唐发电,监管工作函,对控股股东改革事项明确监管要求,控股股东及实际控制人,2017/4/7
,,,,,
600050,中国联通,监管工作函,公司控股股东联通集团正在筹划混改事项，发函明确监管要求。,"上市公司,董事,监事,高级管理人员,控股股东及实际控制人",2017/4/6
,,,,,
601901,方正证券,监管工作函,公司接到香港投资者投诉，称公司限制了香港股东对董事提名的投票权。,上市公司,2017/4/6
,,,,,
600750,江中药业,监管工作函,督促公司对非经营性资金占用事项及时整改,"上市公司,董事",2017/4/5
,,,,,
601992,金隅股份,监管工作函,关于相关媒体报道的监管工作要求。,上市公司,2017/4/4
,,,,,
600747,大连控股,监管工作函,关于大连大福控股股份有限公司重大资产重组停复牌事项的监管工作函,"上市公司,控股股东及实际控制人,其他",2017/3/31
,,,,,
603177,德创环保,监管工作函,关于媒体报道内容需要进一步核实,上市公司,2017/3/31
,,,,,
600876,洛阳玻璃,监管工作函,关于对洛阳玻璃股份有限公司年报中有关非经营性资金占用的监管工作函,"上市公司,控股股东及实际控制人",2017/3/30
,,,,,
600747,大连控股,监管工作函,关于大连大福控股股份有限公司重大资产重组停复牌事项的监管工作函,上市公司,2017/3/29
,,,,,
601633,长城汽车,监管工作函,公司2016年末存在非经营性资金占用.,上市公司,2017/3/29
,,,,,
600275,武昌鱼,监管工作函,"宜昌市长金股权投资合伙企业（有限合伙）增持计划到期,督促其尽快完成。",一般股东,2017/3/28
,,,,,
600433,冠豪高新,公开谴责,关于对冠豪高新股东林广茂公开谴责的决定书,一般股东,2017/3/28
,,,,,
600385,山东金泰,监管工作函,核实股东减持相关情况,一般股东,2017/3/27
,,,,,
600867,通化东宝,监管工作函,督促财务顾问及时出具意见,中介机构及其相关人员,2017/3/27
,,,,,
600666,奥瑞德,监管关注,关于对奥瑞德股份有限公司及相关负责人予以监管关注的通知,"上市公司,高级管理人员",2017/3/24
,,,,,
600806,*ST昆机,监管工作函,要求公司按期披露2016年年度报告,上市公司,2017/3/24
,,,,,
603993,洛阳钼业,通报批评,关于对洛阳栾川钼业集团股份有限公司时任副总经理王斌予以通报批评的决定,高级管理人员,2017/3/20
,,,,,
600375,华菱星马,监管工作函,要求公司加强停复牌管理并及时履行信息披露义务,上市公司,2017/3/20
,,,,,
600722,金牛化工,监管工作函,承诺履行,控股股东及实际控制人,2017/3/20
,,,,,
600192,长城电工,通报批评,关于对兰州长城电工股份有限公司股东甘肃长城电工集团有限责任公司予以通报批评的决定,控股股东及实际控制人,2017/3/17
,,,,,
603703,盛洋科技,监管关注,关于对浙江盛洋科技股份有限公司和相关责任人予以监管关注的决定,上市公司、高级管理人员,2017/3/17
,,,,,
603703,盛洋科技,通报批评,关于对浙江盛洋科技股份有限公司控股股东绍兴市盛洋电器有限公司、实际控制人叶利明予以通报批评的决定,控股股东及实际控制人,2017/3/17
,,,,,
600829,人民同泰,监管工作函,对公司非经营性资金占用事项提出监管要求,上市公司,2017/3/16
,,,,,
600747,大连控股,监管工作函,对公司诉讼及担保相关事项提出监管要求,上市公司,2017/3/16
,,,,,
603628,清源股份,监管工作函,对公司股价异常相关事项提出监管要求,上市公司,2017/3/16
,,,,,
601558,华锐风电,监管工作函,要求公司核实并披露媒体报道相关事项,上市公司,2017/3/16
,,,,,
603126,中材节能,监管工作函,对公司非经营性资金占用事项提出监管要求,上市公司,2017/3/16
,,,,,
603009,北特科技,监管关注,关于对上海北特科技股份有限公司董事会秘书徐鸿飞予以监管关注的决定,高级管理人员,2017/3/16
,,,,,
600543,莫高股份,监管关注,关于对甘肃莫高实业发展股份有限公司股东金陵投资控股有限公司及其一致行动人西藏华富信息科技有限公司予以监管关注的决定,一般股东,2017/3/15
,,,,,
601766,中国中车,监管工作函,要求公司核实并披露媒体报道相关事项,上市公司,2017/3/15
,,,,,
600727,鲁北化工,监管工作函,对公司非经营性资金占用事项提出监管要求,上市公司,2017/3/15
,,,,,
601989,中国重工,监管工作函,要求公司核实并披露媒体报道相关事项,上市公司,2017/3/15
,,,,,
600764,中电广通,监管关注,关于对中电广通股份有限公司董事长李晓春予以监管关注的决定,董事,2017/3/15
,,,,,
600764,中电广通,通报批评,关于对中电广通股份有限公司和有关责任人予以通报批评的决定,上市公司、高级管理人员,2017/3/15
,,,,,
600143,金发科技,监管工作函,公司因重大资产重组停牌已逾两个月，发监管工作函告知公司相关信息披露要求和停复牌规定。,上市公司,2017/3/15
,,,,,
600543,莫高股份,公开谴责,关于对甘肃莫高实业发展股份有限公司股东永新华韵文化产业投资有限公司及其一致行动人宁波宏创股权投资合伙企业（有限合伙）予以公开谴责的决定,一般股东,2017/3/14
,,,,,
600764,中电广通,监管工作函,要求公司核实并披露媒体报道相关事项,上市公司,2017/3/10
,,,,,
600482,中国动力,监管工作函,要求公司核实并披露媒体报道相关事项,上市公司,2017/3/10
,,,,,
601989,中国重工,监管工作函,要求公司核实并披露媒体报道相关事项,上市公司,2017/3/10
,,,,,
600050,中国联通,监管工作函,要求公司核实并澄清媒体报道相关事项,上市公司,2017/3/8
,,,,,
600890,中房股份,监管工作函,要求公司加强停复牌管理并及时履行信息披露义务,上市公司,2017/3/6
,,,,,
600227,赤天化,监管工作函,对公司年度报告相关事项提出监管要求,上市公司、中介机构及其相关人员,2017/3/6
,,,,,
601216,君正集团,监管工作函,要求公司核实并披露媒体报道有关事项,上市公司,2017/3/1
,,,,,
600225,天津松江,监管工作函,要求公司加强停复牌管理并及时履行信息披露义务,上市公司,2017/3/1
,,,,,
600696,匹凸匹,通报批评,关于对匹凸匹金融信息服务（上海）股份有限公司及有关责任人予以通报批评的决定,上市公司、董事、高级管理人员,2017/3/1
,,,,,
603126,中材节能,监管工作函,要求公司核实并披露媒体报道有关事项,上市公司,2017/2/24
,,,,,
600176,中国巨石,监管工作函,要求公司核实并披露媒体报道有关事项,上市公司,2017/2/24
,,,,,
600720,祁连山,监管工作函,要求公司核实并披露媒体报道有关事项,上市公司,2017/2/24
,,,,,
600449,宁夏建材,监管工作函,要求公司核实并披露媒体报道有关事项,上市公司,2017/2/24
,,,,,
600876,洛阳玻璃,监管工作函,要求公司核实并披露媒体报道有关事项,上市公司,2017/2/24
,,,,,
600552,凯盛科技,监管工作函,要求公司核实并披露媒体报道有关事项,上市公司,2017/2/24
,,,,,
600970,中材国际,监管工作函,要求公司核实并披露媒体报道有关事项,上市公司,2017/2/24
,,,,,
600909,华安证券,监管工作函,要求公司披露修改公司章程有关事项，要求独立董事及律师发表意见,上市公司、独立董事、中介机构及其相关人员,2017/2/24
,,,,,
600681,百川能源,监管工作函,要求公司加强停复牌管理并及时履行信息披露义务,上市公司,2017/2/24
,,,,,
600610,中毅达,监管工作函,对股东股份司法划转有关事项明确监管要求,上市公司、一般股东,2017/2/24
,,,,,
601901,方正证券,监管工作函,要求公司加强停复牌管理并及时履行信息披露义务,上市公司,2017/2/23
,,,,,
600016,民生银行,监管工作函,对公司修改公司章程有关事项明确监管要求,上市公司,2017/2/22
,,,,,
600423,柳化股份,监管工作函,要求公司及其控股股东、实际控制人做好公司债回售有关工作,上市公司、控股股东及实际控制人,2017/2/21
,,,,,
600747,大连控股,监管工作函,对公司重组停复牌有关事项明确监管要求,上市公司,2017/2/20
,,,,,
600655,豫园商城,监管工作函,要求公司加强停复牌管理并及时履行信息披露义务,上市公司,2017/2/20
,,,,,
600891,秋林集团,监管工作函,对公司信托理财问询函回复事项明确监管要求,上市公司,2017/2/20
,,,,,
600485,信威集团,监管工作函,要求公司加强停复牌管理并核实澄清媒体质疑,上市公司,2017/2/16
,,,,,
600645,中源协和,监管工作函,要求公司核实并澄清媒体报道相关事项,上市公司,2017/2/16
,,,,,
600809,山西汾酒,监管工作函,要求公司加强停复牌管理并核实澄清媒体质疑,上市公司,2017/2/16
,,,,,
601126,四方股份,监管工作函,要求公司核实并披露重大合同相关事项,上市公司,2017/2/15
,,,,,
600556,ST慧球,监管工作函,对公司加强规范运作事项提出监管要求,上市公司,2017/2/14
,,,,,
600859,王府井,监管工作函,要求公司加强停复牌管理并及时履行信息披露义务,上市公司,2017/2/13
,,,,,
603555,贵人鸟,监管工作函,要求公司加强停复牌管理并及时履行信息披露义务,上市公司,2017/2/13
,,,,,
600019,宝钢股份,监管工作函,对公司换股吸收合并武钢股份相关工作明确监管要求,上市公司,2017/2/8
,,,,,
601168,西部矿业,监管工作函,要求公司加强停复牌管理并及时履行信息披露义务,上市公司,2017/2/7
,,,,,
600161,天坛生物,监管工作函,要求公司加强停复牌管理并及时履行信息披露义务,上市公司,2017/2/7
,,,,,
601666,平煤股份,监管工作函,要求公司核实并澄清媒体报道相关事项,上市公司,2017/2/7
,,,,,
600403,大有能源,监管工作函,要求公司核实并澄清媒体报道相关事项,上市公司,2017/2/7
,,,,,
600121,郑州煤电,监管工作函,要求公司核实并澄清媒体报道相关事项,上市公司,2017/2/7
,,,,,
600869,智慧能源,监管工作函,要求中介机构在年报审计中关注相关交易的会计处理,中介机构及其相关人员,2017/2/7
,,,,,
"600,610,900,906",中毅达,公开谴责,关于对上海中毅达股份有限公司及有关责任人予以公开谴责并公开认定有关责任人3年内不适合担任上市公司董事、监事和高级管理人员的决定,上市公司、董事、高级管理人员,2017/2/6
,,,,,
"600,610,900,906",中毅达,公开认定,关于对上海中毅达股份有限公司及有关责任人予以公开谴责并公开认定有关责任人3年内不适合担任上市公司董事、监事和高级管理人员的决定,董事、高级管理人员,2017/2/6
,,,,,
601700,风范股份,监管工作函,要求公司加强停复牌管理并及时履行信息披露义务,上市公司,2017/2/6
,,,,,
603399,新华龙,监管工作函,要求公司加强重组停复牌管理并及时履行信息披露义务,上市公司,2017/1/26
,,,,,
600321,国栋建设,监管工作函,要求控股股东协助财务顾问核查,控股股东及实际控制人,2017/1/26
,,,,,
600877,中国嘉陵,监管工作函,对年报审计相关事项明确监管要求,中介机构及其相关人员,2017/1/26
,,,,,
603399,新华龙,监管工作函,对年报审计相关事项明确监管要求,中介机构及其相关人员,2017/1/26
,,,,,
600747,大连控股,监管工作函,要求公司加强停复牌管理并及时聘请财务顾问,上市公司,2017/1/25
,,,,,
600747,大连控股,监管工作函,对年报审计相关事项明确监管要求,中介机构及其相关人员,2017/1/25
,,,,,
600268,国电南自,监管工作函,对年报审计相关事项明确监管要求,中介机构及其相关人员,2017/1/25
,,,,,
600186,莲花健康,监管工作函,对年报审计相关事项明确监管要求,中介机构及其相关人员,2017/1/25
,,,,,
600322,天房发展,监管工作函,要求公司及时披露业绩预告,上市公司,2017/1/25
,,,,,
600806,*ST昆机,监管关注,关于对沈机集团昆明机床股份有限公司和董事会秘书金晓峰予以监管关注的决定,上市公司、高级管理人员,2017/1/25
,,,,,
600358,国旅联合,监管关注,关于对国旅联合股份有限公司时任财务总监曹凯予以监管关注的决定,高级管理人员,2017/1/25
,,,,,
600673,东阳光科,监管工作函,要求公司加强停复牌管理并及时履行信息披露义务,上市公司,2017/1/24
,,,,,
600647,同达创业,监管工作函,对年报审计相关事项明确监管要求,中介机构及其相关人员,2017/1/24
,,,,,
600185,格力地产,监管关注,关于对格力地产股份有限公司和董事会秘书黄华敏予以监管关注的决定,上市公司、高级管理人员,2017/1/24
,,,,,
600303,曙光股份,监管工作函,要求公司核实并披露大股东股权转让相关事项,上市公司,2017/1/23
,,,,,
600152,维科精华,监管工作函,要求公司加强停复牌管理并及时履行信息披露义务,上市公司,2017/1/20
,,,,,
603558,健盛集团,监管工作函,要求公司加强停复牌管理并及时履行信息披露义务,上市公司,2017/1/20
,,,,,
600654,中安消,监管关注,关于对中安消股份有限公司及有关责任人予以监管关注的决定,上市公司、董事、高级管理人员,2017/1/19
,,,,,
600552,凯盛科技,监管关注,关于对凯盛科技股份有限公司和董事会秘书黄晓婷予以监管关注的决定,上市公司、高级管理人员,2017/1/19
,,,,,
600876,洛阳玻璃,监管关注,关于对洛阳玻璃股份有限公司和有关责任人予以监管关注的决定,上市公司、高级管理人员、中介机构及其相关人员,2017/1/19
,,,,,
600028,中国石化,监管工作函,要求公司核实并披露股东混改相关事项,上市公司,2017/1/18
,,,,,
600556,ST慧球,监管工作函,要求公司核实并披露子公司增资有关事项,上市公司,2017/1/16
,,,,,
600228,昌九生化,监管工作函,对控股股东股权转让相关事项明确监管要求,上市公司,2017/1/16
,,,,,
600215,长春经开,监管工作函,要求公司核实投诉相关事项并提交内幕信息知情人名单,上市公司,2017/1/13
,,,,,
600175,美都能源,监管关注,关于对美都能源股份有限公司董事长闻掌华予以监管关注的决定,董事,2017/1/13
,,,,,
600802,福建水泥,监管关注,关于对福建水泥股份有限公司和董事会秘书蔡宣能予以监管关注的决定,"上市公司,高级管理人员",2017/1/12
,,,,,
600421,仰帆控股,监管工作函,对公司股东增持股票相关事项明确监管要求,上市公司,2017/1/11
,,,,,
600021,上海电力,监管工作函,要求公司及财务顾问核实重组相关事项并及时履行信息披露义务,上市公司、中介机构及其相关人员,2017/1/10
,,,,,
600145,*ST新亿,监管工作函,要求公司核实并披露独董辞职相关事项,上市公司,2017/1/10
,,,,,
600202,哈空调,监管工作函,要求公司加强停复牌管理并及时履行信息披露义务,上市公司,2017/1/10
,,,,,
600158,中体产业,监管工作函,要求公司加强停复牌管理并及时履行信息披露义务,上市公司,2017/1/9
,,,,,
600870,厦华电子,监管工作函,要求公司加强停复牌管理并及时履行信息披露义务,上市公司,2017/1/9
,,,,,
600817,*ST宏盛,监管工作函,督促公司及时披露业绩预告和风险提示公告,上市公司,2017/1/9
,,,,,
600806,*ST昆机,监管工作函,督促公司及时披露业绩预告和风险提示公告,上市公司,2017/1/9
,,,,,
600725,*ST云维,监管工作函,督促公司及时披露业绩预告和风险提示公告,上市公司,2017/1/9
,,,,,
600520,*ST中发,监管工作函,督促公司及时披露业绩预告和风险提示公告,上市公司,2017/1/9
,,,,,
600375,*ST星马,监管工作函,督促公司及时披露业绩预告和风险提示公告,上市公司,2017/1/9
,,,,,
600339,*ST天利,监管工作函,督促公司及时披露业绩预告和风险提示公告,上市公司,2017/1/9
,,,,,
600301,*ST南化,监管工作函,督促公司及时披露业绩预告和风险提示公告,上市公司,2017/1/9
,,,,,
600265,*ST景谷,监管工作函,督促公司及时披露业绩预告和风险提示公告,上市公司,2017/1/9
,,,,,
600230,*ST沧大,监管工作函,督促公司及时披露业绩预告和风险提示公告,上市公司,2017/1/9
,,,,,
600212,*ST江泉,监管工作函,督促公司及时披露业绩预告和风险提示公告,上市公司,2017/1/9
,,,,,
600175,美都能源,通报批评,关于对美都能源股份有限公司及有关责任人予以通报批评的决定,上市公司、高级管理人员,2017/1/9
,,,,,
600536,中国软件,通报批评,关于对中国软件与技术服务股份有限公司股东文细棠予以通报批评的决定,一般股东,2017/1/9
,,,,,
600129,太极集团,通报批评,关于对重庆太极实业（集团）股份有限公司及其控股股东太极集团有限公司和有关责任人予以通报批评的决定,上市公司、董事、高级管理人员、控股股东及实际控制人,2017/1/9
,,,,,
600228,昌九生化,公开谴责,关于对江西昌九生物化工股份有限公司股东周勇及其一致行动人予以公开谴责的决定,一般股东,2017/1/9
,,,,,
600710,*ST常林,监管工作函,督促公司及时披露业绩预告和风险提示公告,上市公司,2017/1/6
,,,,,
601918,*ST新集,监管工作函,督促公司及时披露业绩预告和风险提示公告,上市公司,2017/1/6
,,,,,
600866,*ST星湖,监管工作函,督促公司及时披露业绩预告和风险提示公告,上市公司,2017/1/6
,,,,,
600760,*ST黑豹,监管工作函,督促公司及时披露业绩预告和风险提示公告,上市公司,2017/1/6
,,,,,
600721,*ST百花,监管工作函,督促公司及时披露业绩预告和风险提示公告,上市公司,2017/1/6
,,,,,
600701,*ST工新,监管工作函,督促公司及时披露业绩预告和风险提示公告,上市公司,2017/1/6
,,,,,
600675,*ST中企,监管工作函,督促公司及时披露业绩预告和风险提示公告,上市公司,2017/1/6
,,,,,
600603,*ST兴业,监管工作函,督促公司及时披露业绩预告和风险提示公告,上市公司,2017/1/6
,,,,,
600581,*ST八钢,监管工作函,督促公司及时披露业绩预告和风险提示公告,上市公司,2017/1/6
,,,,,
600546,*ST山煤,监管工作函,督促公司及时披露业绩预告和风险提示公告,上市公司,2017/1/6
,,,,,
600390,*ST金瑞,监管工作函,督促公司及时披露业绩预告和风险提示公告,上市公司,2017/1/6
,,,,,
600319,*ST亚星,监管工作函,督促公司及时披露业绩预告和风险提示公告,上市公司,2017/1/6
,,,,,
600306,*ST商城,监管工作函,督促公司及时披露业绩预告和风险提示公告,上市公司,2017/1/6
,,,,,
600234,*ST山水,监管工作函,督促公司及时披露业绩预告和风险提示公告,上市公司,2017/1/6
,,,,,
600556,ST慧球,监管工作函,督促公司及时披露立案调查及行政处罚相关情况,上市公司,2017/1/6
,,,,,
600110,诺德股份,监管工作函,要求公司加强停复牌管理并及时履行信息披露义务,上市公司,2017/1/4
,,,,,
600810,神马股份,监管工作函,要求公司及控股股东妥善处理承诺相关事项并及时履行信息披露义务,上市公司、控股股东及实际控制人,2017/1/4
,,,,,
600747,大连控股,监管工作函,要求公司加强停复牌管理并及时履行信息披露义务,上市公司,2017/1/3
,,,,,
600556,ST慧球,监管工作函,对公司股东大会通知的有关事项提出监管要求,上市公司,2017/1/3
,,,,,
600556,ST慧球,监管工作函,对公司近期信息披露事项提出监管要求,上市公司,2017/1/3
,,,,,
600145,*ST新亿,监管工作函,要求公司及时披露业绩预告并充分揭示风险,上市公司,2016/12/30
,,,,,
600432,*ST吉恩,监管工作函,要求公司及时披露业绩预告并充分揭示风险,上市公司,2016/12/30
,,,,,
600520,*ST中发,监管工作函,对公司股东增持公司股票有关事项明确监管要求,上市公司、一般股东、控股股东及实际控制人,2016/12/29
,,,,,
600613,神奇制药,监管工作函,要求公司核实并披露控股股东的一致行动人减持有关事项,上市公司,2016/12/29
,,,,,
600485,信威集团,监管工作函,要求公司核实并披露媒体质疑有关事项，要求会计师披露核查意见,上市公司、中介机构及其相关人员,2016/12/28
,,,,,
600562,国睿科技,监管关注,关于对国睿科技股份有限公司及董事会秘书王贵夫予以监管关注的决定,上市公司、高级管理人员,2016/12/26
,,,,,
600556,ST慧球,监管工作函,对公司重大未披露信息泄露事项明确监管要求,上市公司,2016/12/26
,,,,,
600995,文山电力,监管工作函,要求公司核实并披露股东混改相关媒体报道事项,上市公司,2016/12/26
,,,,,
600556,ST慧球,监管工作函,对公司诉讼财产保全担保事项明确监管要求,上市公司,2016/12/23
,,,,,
600570,恒生电子,监管工作函,对子公司行政处罚相关会计处理事项明确监管要求,上市公司,2016/12/23
,,,,,
600072,钢构工程,监管工作函,要求公司核实并披露股东混改相关媒体报道事项,上市公司,2016/12/23
,,,,,
600685,中船防务,监管工作函,要求公司核实并披露股东混改相关媒体报道事项,上市公司,2016/12/23
,,,,,
600150,中国船舶,监管工作函,要求公司核实并披露股东混改相关媒体报道事项,上市公司,2016/12/23
,,,,,
600050,中国联通,监管工作函,要求公司核实并披露股东混改相关媒体报道事项,上市公司,2016/12/23
,,,,,
600115,东方航空,监管工作函,要求公司核实并披露股东混改相关媒体报道事项,上市公司,2016/12/23
,,,,,
600110,诺德股份,监管工作函,要求公司加强停复牌管理并及时履行信息披露义务,上市公司,2016/12/22
,,,,,
601857,中国石油,监管工作函,要求公司核实并披露股东混改相关媒体报道事项,上市公司,2016/12/22
,,,,,
600480,凌云股份,监管工作函,要求公司加强停复牌管理并及时履行信息披露义务,上市公司,2016/12/20
,,,,,
600687,刚泰控股,监管工作函,要求公司加强停复牌管理并及时履行信息披露义务,上市公司,2016/12/20
,,,,,
600322,天房发展,通报批评,关于对天津市房地产发展（集团）股份有限公司及有关责任人予以通报批评的决定,上市公司、高级管理人员,2016/12/19
,,,,,
600971,恒源煤电,监管关注,关于对安徽恒源煤电股份有限公司及其财务总监兼董事会秘书孙夕仁予以监管关注的决定,上市公司、高级管理人员,2016/12/19
,,,,,
600575,皖江物流,监管关注,关于对安徽皖江物流（集团）股份有限公司控股股东淮南矿业（集团）有限责任公司予以监管关注的决定,控股股东及实际控制人,2016/12/19
,,,,,
600247,ST成城,监管工作函,对公司清理债权债务事项明确监管要求,上市公司,2016/12/16
,,,,,
600339,*ST天利,监管关注,关于对新疆独山子天利高新技术股份有限公司及相关责任人予以监管关注的决定,上市公司、董事、高级管理人员,2016/12/14
,,,,,
600785,新华百货,监管工作函,要求公司核实并披露会计检查相关事项，要求会计师发表意见,上市公司、中介机构及其相关人员,2016/12/14
,,,,,
600965,福成股份,监管工作函,要求公司核实并披露会计检查相关事项，要求会计师发表意见,上市公司、中介机构及其相关人员,2016/12/14
,,,,,
601933,永辉超市,监管工作函,要求公司核实并披露会计检查相关事项，要求会计师发表意见,上市公司、中介机构及其相关人员,2016/12/14
,,,,,
600084,中葡股份,监管工作函,要求公司核实并披露会计检查相关事项，要求会计师发表意见,上市公司、中介机构及其相关人员,2016/12/14
,,,,,
600348,阳泉煤业,监管工作函,对公司董事会延期换届有关事项明确监管要求,上市公司,2016/12/14
,,,,,
600281,太化股份,监管工作函,要求公司核实并披露会计检查相关事项，要求会计师发表意见,上市公司、中介机构及其相关人员,2016/12/13
,,,,,
601600,中国铝业,监管工作函,对独立董事任职资格事项明确监管要求,上市公司,2016/12/13
,,,,,
601939,建设银行,监管工作函,对独立董事任职资格事项明确监管要求,上市公司,2016/12/13
,,,,,
600000,浦发银行,监管工作函,对独立董事任职资格事项明确监管要求,上市公司,2016/12/13
,,,,,
600186,莲花健康,监管工作函,对独立董事任职资格事项明确监管要求,上市公司,2016/12/13
,,,,,
603003,龙宇燃油,监管工作函,要求公司核实并披露会计检查相关事项，要求会计师发表意见,上市公司、中介机构及其相关人员,2016/12/13
,,,,,
600016,民生银行,监管工作函,对独立董事任职资格事项明确监管要求,上市公司,2016/12/13
,,,,,
600192,长城电工,监管工作函,要求公司核实并披露会计检查相关事项，要求会计师发表意见,上市公司、中介机构及其相关人员,2016/12/13
,,,,,
600718,东软集团,监管工作函,对股东增持有关事项明确监管要求,上市公司,2016/12/12
,,,,,
603369,今世缘,监管关注,关于对江苏今世缘酒业股份有限公司副总经理严汉忠予以监管关注的决定,高级管理人员,2016/12/12
,,,,,
600891,秋林集团,监管关注,关于对哈尔滨秋林集团股份有限公司及有关责任人予以监管关注的决定,上市公司、董事、高级管理人员,2016/12/12
,,,,,
600652,游久游戏,监管工作函,对公司处置参股公司股权事项明确监管要求,上市公司,2016/12/9
,,,,,
600556,ST慧球,监管工作函,要公司尽快聘任2016年度审计机构,上市公司,2016/12/9
,,,,,
600406,国电南瑞,监管工作函,对公司控股股东解决同业竞争承诺事项明确监管要求,上市公司,2016/12/8
,,,,,
600718,东软集团,监管工作函,对股东增持有关事项明确监管要求,上市公司,2016/12/7
,,,,,
600145,*ST新亿,监管工作函,对公司控股股东业绩承诺事项明确监管要求,上市公司,2016/12/6
,,,,,
600606,绿地控股,监管工作函,对独立董事任职资格事项明确监管要求,上市公司,2016/12/6
,,,,,
600557,康缘药业,监管工作函,对独立董事任职资格事项明确监管要求,上市公司,2016/12/5
,,,,,
601169,北京银行,监管关注,关于对新华联控股有限公司予以监管关注的决定,股东,2016/12/2
,,,,,
600637,东方明珠,监管工作函,对独立董事任职资格事项明确监管要求,上市公司,2016/12/2
,,,,,
600289,亿阳信通,监管工作函,对独立董事任职资格事项明确监管要求,上市公司,2016/12/2
,,,,,
600571,信雅达,监管工作函,对独立董事任职资格事项明确监管要求,上市公司,2016/12/2
,,,,,
600346,恒力股份,监管工作函,要求公司加强停复牌管理并及时履行信息披露义务,上市公司,2016/12/2
,,,,,
600234,*ST山水,监管工作函,对独立董事任职资格事项明确监管要求,上市公司,2016/12/2
,,,,,
601857,中国石油,监管工作函,对独立董事任职资格事项明确监管要求,上市公司,2016/12/2
,,,,,
600030,中信证券,监管工作函,对独立董事任职资格事项明确监管要求,上市公司,2016/12/2
,,,,,
603883,老百姓,监管工作函,对独立董事任职资格事项明确监管要求,上市公司,2016/12/2
,,,,,
600653,申华控股,监管关注,关于对上海申华控股股份有限公司董事长祁玉民予以监管关注的决定,高级管理人员,2016/12/1
,,,,,
600868,梅雁吉祥,监管关注,关于对广东梅雁吉祥水电股份有限公司和董事会秘书胡苏平予以监管关注的决定,公司、高级管理人员,2016/12/1
,,,,,
600276,恒瑞医药,监管工作函,要求公司补充披露签署许可协议相关事项,上市公司,2016/12/1
,,,,,
600381,青海春天,监管工作函,对公司诉讼及业绩承诺相关事项明确监管要求,上市公司,2016/12/1
,,,,,
600653,申华控股,通报批评,关于对上海申华控股股份有限公司及董事会秘书翟锋予以通报批评的决定,公司、高级管理人员,2016/11/29
,,,,,
600315,上海家化,监管工作函,要求公司核实并披露媒体报道有关事项,上市公司,2016/11/29
,,,,,
600381,青海春天,通报批评,关于对青海春天药用资源科技股份有限公司及董事会秘书陈定予以通报批评的决定,上市公司、高级管理人员,2016/11/25
,,,,,
600234,*ST山水,通报批评,关于对山西广和山水文化传播股份有限公司股东钟安升及其一致行动人予以纪律处分的决定,一般股东,2016/11/25
,,,,,
600234,*ST山水,公开谴责,关于对山西广和山水文化传播股份有限公司股东钟安升及其一致行动人予以纪律处分的决定,一般股东,2016/11/25
,,,,,
600228,昌九生化,监管关注,关于对江西昌九生物化工股份有限公司及相关责任人予以监管关注的决定,上市公司、董事、高级管理人员,2016/11/25
,,,,,
600122,宏图高科,监管工作函,要求公司加强停复牌管理并及时履行信息披露义务,上市公司,2016/11/25
,,,,,
600671,天目药业,监管工作函,要求公司加强停复牌管理并及时履行信息披露义务,上市公司,2016/11/24
,,,,,
603618,杭电股份,监管关注,关于对杭州电缆股份有限公司董事会秘书杨烈生予以监管关注的决定,高级管理人员,2016/11/23
,,,,,
600803,新奥股份,监管工作函,要求公司持续关注并及时披露子公司停产相关事项,上市公司,2016/11/23
,,,,,
600185,格力地产,监管工作函,要求公司澄清媒体质疑并及时履行信息披露义务,上市公司,2016/11/23
,,,,,
600869,智慧能源,公开谴责,关于对远东智慧能源股份有限公司及有关责任人予以纪律处分的决定,上市公司、高级管理人员,2016/11/22
,,,,,
600869,智慧能源,通报批评,关于对远东智慧能源股份有限公司及有关责任人予以纪律处分的决定,董事、高级管理人员,2016/11/22
,,,,,
603618,杭电股份,通报批评,关于对杭州电缆股份有限公司及有关责任人予以通报批评的决定,上市公司、董事、高级管理人员,2016/11/22
,,,,,
600375,*ST星马,通报批评,关于对华菱星马汽车（集团）股份有限公司股东车路运腾创业投资股份有限公司有关责任人予以通报批评的决定,董事、高级管理人员,2016/11/22
,,,,,
600228,昌九生化,通报批评,关于对江西昌九生物化工股份有限公司间接控股股东赣州工业投资集团有限公司及其董事长叶扬焕予以通报批评的决定,控股股东及实际控制人,2016/11/22
,,,,,
600432,*ST吉恩,监管关注,关于对吉林吉恩镍业股份有限公司及董事会秘书王行龙予以监管关注的决定,上市公司、高级管理人员,2016/11/22
,,,,,
600806,*ST昆机,监管关注,关于对沈机集团昆明机床股份有限公司和董事会秘书罗涛予以监管关注的决定,上市公司、高级管理人员,2016/11/22
,,,,,
600158,中体产业,监管工作函,要求公司加强停复牌管理并及时履行信息披露义务,上市公司,2016/11/22
,,,,,
600812,华北制药,监管工作函,要求公司持续关注并及时披露子公司停产相关事项,上市公司,2016/11/22
,,,,,
600097,开创国际,监管关注,关于对上海开创国际海洋资源股份有限公司和相关责任人予以监管关注的决定,上市公司、董事、高级管理人员,2016/11/21
,,,,,
600594,益佰制药,监管关注,关于对贵州益佰制药股份有限公司及董事会秘书李刚予以监管关注的决定,上市公司、高级管理人员,2016/11/21
,,,,,
600530,交大昂立,监管关注,关于对上海交大昂立股份有限公司及董事会秘书李红予以监管关注的决定,上市公司、高级管理人员,2016/11/21
,,,,,
600379,宝光股份,监管工作函,要求公司及股东说明并披露权益变动相关事项,上市公司、一般股东、控股股东及实际控制人,2016/11/21
,,,,,
600379,宝光股份,监管工作函,要求公司及股东核实并披露权益变动相关事项,上市公司、一般股东,2016/11/17
,,,,,
600558,大西洋,监管工作函,要求公司加强停复牌管理并及时履行信息披露义务,上市公司,2016/11/17
,,,,,
600868,梅雁吉祥,监管工作函,要求公司及股东核实并提交准确完整的内幕信息知情人名单,上市公司、一般股东,2016/11/17
,,,,,
600701,*ST工新,公开谴责,关于对哈尔滨工大高新技术产业开发股份有限公司及有关责任人予以纪律处分的决定,上市公司、高级管理人员,2016/11/16
,,,,,
600701,*ST工新,通报批评,关于对哈尔滨工大高新技术产业开发股份有限公司及有关责任人予以纪律处分的决定,董事、高级管理人员,2016/11/16
,,,,,
601010,文峰股份,监管工作函,要求公司、董事、监事及高级管理人员核实并披露股东代持信息披露违规相关事项,上市公司、董事、监事、高级管理人员,2016/11/15
,,,,,
600732,*ST新梅,监管关注,关于对上海新梅置业股份有限公司董事会秘书何婧予以监管关注的决定,高级管理人员,2016/11/11
,,,,,
600365,通葡股份,通报批评,关于对通化葡萄酒股份有限公司及有关责任人予以通报批评的决定,上市公司、董事、高级管理人员,2016/11/11
,,,,,
600365,通葡股份,监管关注,关于对通化葡萄酒股份有限公司2015年年审会计师予以监管关注的决定,中介机构及其相关人员,2016/11/11
,,,,,
601005,重庆钢铁,监管关注,关于对重庆钢铁股份有限公司独立董事辛清泉予以监管关注的决定,董事,2016/11/11
,,,,,
600732,*ST新梅,通报批评,关于对上海新梅置业股份有限公司和有关责任人予以通报批评的决定,上市公司、董事,2016/11/10
,,,,,
600732,*ST新梅,公开谴责,关于对上海新梅置业股份有限公司相关股东予以公开谴责的决定,一般股东、控股股东及实际控制人,2016/11/10
,,,,,
600635,大众公用,监管关注,关于对上海大众公用事业(集团)股份有限公司和董事会秘书赵飞予以监管关注的决定,上市公司、高级管理人员,2016/11/10
,,,,,
600892,大晟文化,通报批评,关于对大晟时代文化投资股份有限公司及有关责任人予以通报批评的决定,上市公司、董事、高级管理人员,2016/11/10
,,,,,
601519,大智慧,监管工作函,要求年审会计师对公司交易的相关审计事项予以关注,中介结构及其相关人员,2016/11/10
,,,,,
600576,万家文化,通报批评,关于对浙江万好万家文化股份有限公司及有关责任人予以通报批评的决定,上市公司、高级管理人员,2016/11/9
,,,,,
603299,井神股份,监管工作函,要求公司及保荐人核实并披露股东股份冻结相关事项,上市公司、中介结构及其相关人员,2016/11/9
,,,,,
600638,新黄浦,监管关注,关于对上海新黄浦置业股份有限公司及有关责任人予以监管关注的决定,上市公司、董事、高级管理人员,2016/11/8
,,,,,
600747,大连控股,监管工作函,要求公司限期整改并及时履行信息披露义务,上市公司,2016/11/4
,,,,,
600120,浙江东方,通报批评,关于对浙江东方集团股份有限公司及有关责任人予以通报批评的决定,上市公司、董事、高级管理人员,2016/11/3
,,,,,
601005,重庆钢铁,通报批评,关于对重庆钢铁股份有限公司及有关责任人予以通报批评的决定,上市公司、董事、高级管理人员,2016/11/2
,,,,,
600614,鼎立股份,通报批评,关于对上海鼎立科技发展（集团）股份有限公司董事曹文法予以通报批评的决定,董事,2016/11/2
,,,,,
600203,福日电子,监管关注,关于对福建福日电子股份有限公司及有关责任人予以监管关注的决定,上市公司、高级管理人员,2016/11/1
,,,,,
600733,S前锋,监管工作函,要求公司加快筹划股权分置改革事项并及时履行信息披露义务,上市公司,2016/11/1
,,,,,
600647,同达创业,监管工作函,要求公司加强停复牌管理并及时履行信息披露义务,上市公司,2016/11/1
,,,,,
600806,*ST昆机,通报批评,关于对沈机集团昆明机床股份有限公司及有关责任人予以通报批评的决定,上市公司、董事、高级管理人员,2016/11/1
,,,,,
600873,梅花生物,监管关注,关于对梅花生物科技集团股份有限公司和有关责任人予以监管关注的决定,上市公司、董事、高级管理人员,2016/10/31
,,,,,
600868,梅雁吉祥,监管工作函,对公司股价异常波动事项明确监管要求,上市公司,2016/10/26
,,,,,
600781,辅仁药业,监管工作函,要求公司核实并披露有关投诉事项，要求财务顾问及会计师发表意见,上市公司、中介机构及其相关人员,2016/10/26
,,,,,
600740,山西焦化,监管工作函,要求公司披露重大资产重组有关事项，要求财务顾问发表意见,上市公司、中介机构及其相关人员,2016/10/21
,,,,,
600319,*ST亚星,监管工作函,要求公司加强停复牌管理并及时履行信息披露义务,上市公司,2016/10/20
,,,,,
600433,冠豪高新,监管工作函,对股东增减持公司股份事项提出监管要求,一般股东,2016/10/18
,,,,,
600614,鼎立股份,监管工作函,要求公司核实并披露股权收购相关事项,上市公司,2016/10/14
,,,,,
600545,新疆城建,监管工作函,要求公司加强停复牌管理并及时履行信息披露义务,上市公司,2016/10/13
,,,,,
600624,复旦复华,监管工作函,要求公司及时披露行政处罚相关事项,上市公司,2016/10/13
,,,,,
600321,国栋建设,通报批评,关于对四川国栋建设股份有限公司及有关责任人予以通报批评的决定,上市公司、董事、高级管理人员,2016/10/12
,,,,,
600135,乐凯胶片,监管工作函,要求公司核实并披露承诺变更相关事项,上市公司,2016/10/12
,,,,,
600556,ST慧球,监管工作函,要求公司核实并披露被投诉事项,上市公司,2016/10/10
,,,,,
600321,国栋建设,监管关注,关于对四川国栋建设股份有限公司独立董事陈维亮予以监管关注的决定,董事,2016/9/30
,,,,,
600069,银鸽投资,监管工作函,要求公司及控股股东核实并披露承诺履行相关事项,上市公司、控股股东及实际控制人,2016/9/30
,,,,,
600321,国栋建设,监管工作函,对公司终止重大资产重组有关事项明确监管要求,上市公司,2016/9/29
,,,,,
600100,同方股份,监管关注,关于对同方股份有限公司及有关责任人予以监管关注的决定,上市公司、董事、高级管理人员,2016/9/29
,,,,,
600053,九鼎投资,监管工作函,对公司出售基金资产有关事项明确监管要求,上市公司,2016/9/28
,,,,,
600182,S佳通,监管工作函,对公司股改后续事项明确监管要求,上市公司,2016/9/28
,,,,,
600246,万通地产,监管工作函,要求公司加强停复牌管理并及时履行信息披露义务,上市公司,2016/9/28
,,,,,
600760,*ST黑豹,监管工作函,要求公司加强停复牌管理并及时履行信息披露义务,上市公司,2016/9/28
,,,,,
600436,片仔癀,监管工作函,要求公司及年审会计师进一步披露半年报涉及的关联交易等相关事项,上市公司、中介机构及其相关人员,2016/9/27
,,,,,
600011,华能国际,监管工作函,对公司收购控股股东部分子公司股权涉及关联交易咨询事项的回复,上市公司,2016/9/27
,,,,,
600021,上海电力,监管工作函,要求公司加强停复牌管理并及时履行信息披露义务,上市公司,2016/9/27
,,,,,
600687,刚泰控股,监管工作函,要求公司加强停复牌管理并及时履行信息披露义务,上市公司,2016/9/27
,,,,,
600713,南京医药,监管关注,关于对南京医药股份有限公司及董事会秘书李文骏予以监管关注的决定,上市公司、高级管理人员,2016/9/26
,,,,,
600882,广泽股份,通报批评,关于对上海广泽食品科技股份有限公司及有关责任人予以通报批评的决定,上市公司、董事、高级管理人员,2016/9/23
,,,,,
600503,华丽家族,监管关注,关于对华丽家族股份有限公司控股股东上海南江（集团）有限公司予以监管关注的决定,控股股东及实际控制人,2016/9/22
,,,,,
600641,万业企业,监管关注,关于对上海万业企业股份有限公司和董事会秘书吴云韶予以监管关注的决定,上市公司、高级管理人员,2016/9/22
,,,,,
600279,重庆港九,监管关注,关于对重庆港九股份有限公司及有关责任人予以监管关注的决定,上市公司、董事、高级管理人员,2016/9/22
,,,,,
600084,中葡股份,监管关注,关于对中信国安葡萄酒业股份有限公司有关股东予以监管关注的决定,一般股东,2016/9/22
,,,,,
600399,抚顺特钢,监管工作函,要求公司核实并披露控股股东破产重整有关媒体报道事项,上市公司,2016/9/22
,,,,,
600733,S前锋,监管工作函,对公司筹划股权分置改革有关重大事项明确监管要求,上市公司,2016/9/22
,,,,,
600490,鹏欣资源,通报批评,关于对鹏欣环球资源股份有限公司的股东张华伟予以通报批评的决定,一般股东,2016/9/21
,,,,,
600821,津劝业,监管工作函,要求公司加强停复牌管理并及时履行信息披露义务,上市公司,2016/9/20
,,,,,
600663,陆家嘴,监管工作函,要求公司进一步核实并披露举报事项,上市公司,2016/9/19
,,,,,
600005,武钢股份,监管工作函,要求公司核实并披露重大资产重组有关媒体报道事项,上市公司,2016/9/19
,,,,,
600019,宝钢股份,监管工作函,要求公司核实并披露重大资产重组有关媒体报道事项,上市公司,2016/9/19
,,,,,
600663,陆家嘴,监管工作函,要求公司核实举报相关事项并及时履行信息披露义务,上市公司,2016/9/13
,,,,,
600247,ST成城,通报批评,关于对吉林成城集团股份有限公司及有关责任人予以通报批评的决定,上市公司、董事、高级管理人员,2016/9/12
,,,,,
600519,贵州茅台,监管工作函,要求公司规范信息披露行为,上市公司,2016/9/12
,,,,,
600781,辅仁药业,监管关注,关于对辅仁药业集团实业股份有限公司董事长朱文臣予以监管关注的决定,董事,2016/9/9
,,,,,
600556,慧球科技,监管工作函,要求公司及时披露监管部门决定,上市公司,2016/9/9
,,,,,
600168,武汉控股,监管工作函,要求公司及时履行信息披露义务及相关决策程序,上市公司,2016/9/9
,,,,,
600803,新奥股份,监管工作函,要求公司按期核实半年报相关事项并履行信息披露义务,上市公司,2016/9/9
,,,,,
600005,武钢股份,监管工作函,要求公司加强停复牌管理并及时履行信息披露义务,上市公司,2016/9/9
,,,,,
600019,宝钢股份,监管工作函,要求公司加强停复牌管理并及时履行信息披露义务,上市公司,2016/9/9
,,,,,
600725,*ST云维,监管关注,关于对云南云维股份有限公司及董事会秘书李斌予以监管关注的决定,上市公司、高级管理人员,2016/9/8
,,,,,
600189,吉林森工,监管工作函,要求公司加强停复牌管理并及时履行信息披露义务,上市公司,2016/9/8
,,,,,
600546,*ST山煤,通报批评,关于对山煤国际能源集团股份有限公司及有关责任人予以通报批评的决定,上市公司、董事、高级管理人员,2016/9/7
,,,,,
600890,中房股份,通报批评,关于对中房置业股份有限公司股东天津中维商贸集团有限公司予以通报批评的决定,一般股东,2016/9/7
,,,,,
600281,太化股份,通报批评,关于对太原化工股份有限公司及有关责任人予以通报批评的决定,上市公司、董事、高级管理人员,2016/9/7
,,,,,
600781,辅仁药业,通报批评,关于对辅仁药业集团实业股份有限公司及董事会秘书张海杰予以通报批评的决定,上市公司、高级管理人员,2016/9/7
,,,,,
600891,秋林集团,监管工作函,要求公司及年审会计师核实关联交易相关事项,上市公司、中介结构及其相关人员,2016/9/7
,,,,,
600556,慧球科技,监管工作函,要求公司认真落实整改要求,上市公司,2016/9/6
,,,,,
600663,陆家嘴,监管工作函,要求公司核实并披露重组报告书中的相关表述,上市公司,2016/9/6
,,,,,
600449,宁夏建材,监管工作函,要求公司核实并披露实际控制人承诺事项,上市公司,2016/9/5
,,,,,
600720,祁连山,监管工作函,要求公司核实并披露实际控制人承诺事项,上市公司,2016/9/5
,,,,,
600759,洲际油气,监管工作函,要求公司加强停复牌管理并及时履行信息披露义务,上市公司,2016/9/2
,,,,,
600682,南京新百,监管工作函,对公司终止重大资产重组暨参与并购基金有关事项明确监管要求,上市公司,2016/9/2
,,,,,
600890,中房股份,监管工作函,对公司推进重大资产重组有关事项明确监管要求,上市公司,2016/9/2
,,,,,
600796,钱江生化,监管工作函,要求公司加强停复牌管理并及时履行信息披露义务,上市公司,2016/8/30
,,,,,
600225,天津松江,监管工作函,对控股股东变更同业竞争承诺事项明确监管要求,控股股东及实际控制人,2016/8/27
,,,,,
600556,慧球科技,监管工作函,要求公司披露立案调查相关事项,上市公司,2016/8/25
,,,,,
600556,慧球科技,监管工作函,要求公司限期整改信息披露重大问题并披露相关信息,上市公司,2016/8/25
,,,,,
600602,云赛智联,监管关注,关于对云赛智联股份有限公司及相关责任人予以监管关注的决定,上市公司、高级管理人员,2016/8/23
,,,,,
600165,新日恒力,监管关注,关于对宁夏新日恒力钢丝绳股份有限公司及有关责任人予以监管关注的决定,上市公司、高级管理人员,2016/8/23
,,,,,
600853,龙建股份,监管关注,关于对龙建路桥股份有限公司和董事会秘书王征宇予以监管关注的决定,上市公司、高级管理人员,2016/8/23
,,,,,
600218,全柴动力,监管关注,关于对安徽全柴动力股份有限公司及有关责任人予以监管关注的决定,上市公司、高级管理人员,2016/8/23
,,,,,
600634,中技控股,监管工作函,要求公司加强停复牌管理并及时履行信息披露义务,上市公司,2016/8/22
,,,,,
600796,钱江生化,监管关注,关于对浙江钱江生物化学股份有限公司董事长高云跃予以监管关注的决定,董事,2016/8/19
,,,,,
600539,ST狮头,监管关注,关于对太原狮头水泥股份有限公司及董事会秘书郝瑛予以监管关注的决定,上市公司、高级管理人员,2016/8/19
,,,,,
600556,慧球科技,监管工作函,要求公司核实并披露市场质疑事项及信息披露缺陷情况,上市公司,2016/8/18
,,,,,
600467,好当家,监管关注,关于对好当家海洋发展股份有限公司和董事会秘书李俊峰予以监管关注的决定,上市公司、高级管理人员,2016/8/15
,,,,,
600747,大连控股,监管工作函,对公司募集资金使用提出监管要求,上市公司,2016/8/11
,,,,,
600556,慧球科技,监管措施,关于暂停广西慧球科技股份有限公司适用信息披露直通车业务的决定,上市公司,2016/8/8
,,,,,
600145,*ST新亿,监管工作函,对公司控股股东业绩承诺事项提出监管要求,上市公司,2016/8/8
,,,,,
601011,宝泰隆,监管工作函,对公司股价异常波动及相关信息披露事项提出监管要求,上市公司,2016/8/8
,,,,,
600556,慧球科技,监管工作函,对公司股东权益变动及市场质疑相关事项提出监管要求,上市公司,2016/8/7
,,,,,
603918,金桥信息,监管工作函,要求公司加强停复牌管理并及时履行信息披露义务,上市公司,2016/8/5
,,,,,
600699,均胜电子,监管工作函,对控股股东及实际控制人增持承诺履行事项明确监管要求,上市公司,2016/8/5
,,,,,
600983,惠而浦,监管工作函,对控股股东避免同业竞争承诺履行事项明确监管要求,上市公司,2016/8/5
,,,,,
600306,*ST商城,监管工作函,要求公司加强停复牌管理并及时履行信息披露义务,上市公司,2016/8/5
,,,,,
600545,新疆城建,监管工作函,要求公司加强停复牌管理并及时履行信息披露义务,上市公司,2016/8/5
,,,,,
603318,派思股份,监管关注,关于对大连派思燃气系统股份有限公司和有关责任人予以监管关注的决定,上市公司、董事、高级管理人员,2016/8/4
,,,,,
600877,中国嘉陵,监管关注,关于对中国嘉陵工业股份有限公司(集团)和有关责任人予以监管关注的决定,上市公司、高级管理人员,2016/8/4
,,,,,
603077,和邦生物,监管关注,关于对四川和邦生物科技股份有限公司及相关责任人予以监管关注的决定,上市公司、高级管理人员,2016/8/4
,,,,,
601005,重庆钢铁,监管工作函,要求公司加强停复牌管理并及时履行信息披露义务,上市公司,2016/8/4
,,,,,
600747,大连控股,监管工作函,对公司银行账户被冻结有关事项明确监管要求,上市公司,2016/8/4
,,,,,
600556,慧球科技,监管工作函,对公司信息披露有关事项明确监管要求,上市公司,2016/8/4
,,,,,
600500,中化国际,监管工作函,要求公司加强停复牌管理并及时履行信息披露义务,上市公司,2016/8/3
,,,,,
601900,南方传媒,监管工作函,要求公司加强停复牌管理并及时履行信息披露义务,上市公司,2016/8/3
,,,,,
603838,四通股份,监管工作函,要求公司加强停复牌管理并及时履行信息披露义务,上市公司,2016/8/3
,,,,,
600179,*ST黑化,监管关注,关于对黑龙江黑化股份有限公司及有关责任人员予以监管关注的决定,上市公司、董事、高级管理人员,2016/8/1
,,,,,
600084,中葡股份,监管工作函,要求公司加强停复牌管理并及时履行信息披露义务,上市公司,2016/7/29
,,,,,
600084,中葡股份,监管工作函,要求公司核实并披露股价波动的相关情况,上市公司,2016/7/28
,,,,,
600228,昌九生化,监管工作函,要求公司核实并披露股东一致行动关系有关事项,上市公司,2016/7/28
,,,,,
600785,新华百货,监管关注,关于对上海宝银创赢投资管理有限公司及上海兆赢股权投资基金管理有限公司予以监管关注的决定,一般股东,2016/7/28
,,,,,
600785,新华百货,监管关注,关于对银川新华百货商业集团股份有限公司及有关责任人予以监管关注的决定,上市公司、董事、高级管理人员,2016/7/28
,,,,,
600826,兰生股份,监管工作函,对公司股东持股变动事项提出监管要求,上市公司,2016/7/27
,,,,,
600898,三联商社,监管工作函,对公司关联方超期未履行承诺的相关事项提出监管要求,上市公司,2016/7/27
,,,,,
600182,S佳通,监管工作函,对公司加快推进股改事项提出监管要求,上市公司、控股股东及实际控制人,2016/7/27
,,,,,
600393,广州粤泰,监管关注,关于对广州粤泰集团股份有限公司董事长杨树坪予以监管关注的决定,上市公司、高级管理人员,2016/7/26
,,,,,
600822,上海物贸,监管关注,关于对上海物资贸易股份有限公司、董事会秘书许伟和国泰君安证券股份有限公司项目负责人肖翔云、薛歆予以监管关注的决定,上市公司、高级管理人员、中介机构及其相关人员,2016/7/26
,,,,,
600016,民生银行,监管工作函,对公司加强规范运作事项提出监管要求,上市公司,2016/7/25
,,,,,
600675,*ST中企,监管工作函,要求公司加强停复牌管理并及时履行信息披露义务,上市公司,2016/7/22
,,,,,
600702,沱牌舍得,监管工作函,要求公司核实媒体报道有关事项,上市公司,2016/7/22
,,,,,
600828,茂业商业,监管工作函,对股价波动有关事项明确监管要求,上市公司,2016/7/20
,,,,,
600016,民生银行,监管工作函,要求公司督促股东披露增持公司股份有关事项,上市公司,2016/7/19
,,,,,
600610,中毅达,监管工作函,对重组标的资产股权被冻结有关事项明确监管要求,上市公司、中介机构及其相关人员、其他,2016/7/18
,,,,,
600321,国栋建设,监管工作函,要求公司加强停复牌管理并及时履行信息披露义务,上市公司,2016/7/15
,,,,,
600385,山东金泰,监管工作函,要求公司加强停复牌管理并及时履行信息披露义务,上市公司,2016/7/11
,,,,,
600173,卧龙地产,监管工作函,要求公司加强停复牌管理并及时履行信息披露义务,上市公司,2016/7/11
,,,,,
600467,好当家,监管工作函,要求公司核实接受券商调研相关事项并及时履行信息披露义务,上市公司,2016/7/8
,,,,,
600539,狮头股份,监管工作函,要求公司就重大资产重组事项召开媒体说明会,上市公司,2016/7/8
,,,,,
600636,三爱富,监管工作函,要求公司加强停复牌管理并及时履行信息披露义务,上市公司,2016/7/8
,,,,,
600139,西部资源,监管关注,关于对四川西部资源控股股份有限公司董事会秘书王娜予以监管关注的决定,高级管理人员,2016/7/8
,,,,,
600467,好当家,监管工作函,要求公司补充披露签订战略合作协议有关事项,上市公司,2016/7/7
,,,,,
600654,中安消,监管关注,关于对中安消股份有限公司和董事会秘书付欣予以监管关注的决定,上市公司、高级管理人员,2016/7/5
,,,,,
603227,雪峰科技,监管关注,关于对新疆雪峰科技（集团）股份有限公司总经理刘爱华予以监管关注的决定,高级管理人员,2016/7/4
,,,,,
600099,林海股份,监管关注,关于对林海股份有限公司重大资产重组独立财务顾问项目主办人黄超、许阳予以监管关注的决定,中介机构及其相关人员,2016/7/4
,,,,,
600643,爱建集团,监管关注,关于对上海爱建集团股份有限公司和董事会秘书予以监管关注的决定,上市公司、高级管理人员,2016/7/1
,,,,,
600594,益佰制药,监管关注,关于对贵州益佰制药股份有限公司总经理郎洪平予以监管关注的决定,高级管理人员,2016/7/1
,,,,,
601777,力帆股份,监管关注,关于对力帆实业（集团）股份有限公司和有关责任人予以监管关注的决定,上市公司、控股股东及实际控制人、高级管理人员,2016/7/1
,,,,,
600093,禾嘉股份,监管关注,关于对四川禾嘉股份有限公司和董事会秘书徐德智予以监管关注的决定,上市公司、高级管理人员,2016/7/1
,,,,,
600108,亚盛集团,监管关注,关于对甘肃亚盛实业（集团）股份有限公司和董事会秘书殷图廷予以监管关注的决定,上市公司、高级管理人员,2016/7/1
,,,,,
603227,雪峰科技,通报批评,关于对新疆雪峰科技（集团）股份有限公司、新疆雪峰投资控股有限责任公司和有关责任人予以通报批评的决定,上市公司、董事、高级管理人员、关联方,2016/7/1
,,,,,
601218,吉鑫科技,通报批评,关于对江苏吉鑫风能科技股份有限公司副总经理陆卫忠予以通报批评的决定,高级管理人员,2016/7/1
,,,,,
600806,*ST昆机,通报批评,关于对沈机集团昆明机床股份有限公司及控股股东沈阳机床（集团）有限责任公司、股权受让方西藏紫光卓远股权投资有限公司及有关责任人予以纪律处分的决定,其他,2016/7/1
,,,,,
600139,西部资源,通报批评,关于对四川西部资源控股股份有限公司及有关责任人予以通报批评的决定,上市公司、董事,2016/7/1
,,,,,
600099,林海股份,通报批评,关于对林海股份有限公司、控股股东中国福马机械集团有限公司及有关责任人予以通报批评的决定,上市公司、董事、高级管理人员、控股股东及实际控制人,2016/7/1
,,,,,
600806,*ST昆机,公开谴责,关于对沈机集团昆明机床股份有限公司及控股股东沈阳机床（集团）有限责任公司、股权受让方西藏紫光卓远股权投资有限公司及有关责任人予以纪律处分的决定,上市公司、董事、高级管理人员、控股股东及实际控制人、其他,2016/7/1
,,,,,
600145,*ST新亿,监管工作函,对公司召开投资者说明会有关事项明确监管要求,上市公司,2016/6/29
,,,,,
600614,鼎立股份,监管工作函,要求公司加强停复牌管理并及时履行信息披露义务,上市公司,2016/6/28
,,,,,
600759,洲际油气,监管工作函,要求公司加强停复牌管理并及时履行信息披露义务,上市公司,2016/6/27
,,,,,
600833,第一医药,监管工作函,对公司董事会和监事会换届有关事项明确监管要求,上市公司,2016/6/24
,,,,,
600543,莫高股份,监管工作函,要求公司核实相关股东是否存在一致行动关系,上市公司,2016/6/24
,,,,,
600725,*ST云维,监管工作函,对公司债务逾期有关事项明确监管要求,上市公司,2016/6/23
,,,,,
600747,大连控股,监管工作函,对公司募集资金冻结有关事项再次明确监管要求,上市公司,2016/6/22
,,,,,
600381,青海春天,监管工作函,对公司股票实施其他风险警示及终止重大资产重组事项明确监管要求,上市公司,2016/6/20
,,,,,
600767,运盛医疗,监管工作函,要求公司加强停复牌管理并及时履行信息披露义务,上市公司,2016/6/20
,,,,,
600381,青海春天,监管工作函,要求公司核实投诉事项并及时履行信息披露义务,上市公司,2016/6/17
,,,,,
600543,莫高股份,监管工作函,要求公司核实股东是否存在一致行动关系并督促其及时履行信息披露义务,上市公司,2016/6/16
,,,,,
601377,兴业证券,监管工作函,要求公司核实被立案调查相关事项并及时履行信息披露义务,上市公司,2016/6/16
,,,,,
600228,昌九生化,监管工作函,要求公司加强停复牌管理并及时履行信息披露义务,上市公司,2016/6/15
,,,,,
600576,万家文化,监管工作函,要求公司加强停复牌管理并及时履行信息披露义务,上市公司,2016/6/15
,,,,,
600408,安泰集团,监管工作函,要求公司加强停复牌管理并及时履行信息披露义务,上市公司,2016/6/14
,,,,,
603227,雪峰科技,监管关注,关于对新疆雪峰科技（集团）股份有限公司监事夏咸平予以监管关注的决定,监事,2016/6/8
,,,,,
603010,万盛股份,监管关注,关于对浙江万盛股份有限公司和有关责任人予以监管关注的决定,上市公司、董事、高级管理人员,2016/6/8
,,,,,
600282,南钢股份,监管关注,关于对南京钢铁股份有限公司及有关责任人予以监管关注的决定,上市公司、董事、高级管理人员,2016/6/8
,,,,,
600276,恒瑞医药,监管关注,关于对江苏恒瑞医药股份有限公司及有关责任人予以监管关注的决定,上市公司、董事、高级管理人员,2016/6/8
,,,,,
600749,西藏旅游,监管工作函,要求公司加强停复牌管理并及时履行信息披露义务,上市公司,2016/6/8
,,,,,
600318,新力金融,监管工作函,要求公司加强停复牌管理并及时履行信息披露义务,上市公司,2016/6/7
,,,,,
600545,新疆城建,监管工作函,要求公司加强停复牌管理并及时履行信息披露义务,上市公司,2016/6/7
,,,,,
600759,洲际油气,监管工作函,对公司差异化分红事项提出监管要求,上市公司,2016/6/3
,,,,,
600781,辅仁药业,监管工作函,要求公司核实并披露重大资产重组标的资产相关事项，要求财务顾问和会计师发表专项意见,上市公司、中介机构及其相关人员,2016/6/2
,,,,,
603008,喜临门,通报批评,关于对喜临门家具股份有限公司副总裁何劲松予以通报批评的决定,高级管理人员,2016/6/2
,,,,,
600747,大连控股,监管工作函,要求公司披露募集资金冻结事项，要求保荐机构及会计师说明是否严格履行核实义务,上市公司、中介机构及其相关人员,2016/6/1
,,,,,
603227,雪峰科技,监管工作函,对公司国有股权无偿划转信息披露事项明确监管要求,上市公司、控股股东及实际控制人,2016/6/1
,,,,,
600539,狮头股份,监管工作函,要求公司加强停复牌管理并及时履行信息披露义务,上市公司,2016/5/31
,,,,,
600120,浙江东方,监管工作函,要求公司加强停复牌管理并及时履行信息披露义务,上市公司,2016/5/31
,,,,,
600153,建发股份,监管工作函,要求公司加强停复牌管理并及时履行信息披露义务,上市公司,2016/5/31
,,,,,
600696,匹凸匹,通报批评,关于对匹凸匹金融信息服务（上海）股份有限公司及有关责任人予以通报批评的决定,上市公司、董事、高级管理人员,2016/5/30
,,,,,
600738,兰州民百,监管工作函,要求公司加强停复牌管理并及时履行信息披露义务,上市公司,2016/5/27
,,,,,
600311,荣华实业,监管关注,关于对甘肃荣华实业（集团）股份有限公司和董事会秘书辛永清予以监管关注的决定,上市公司、高级管理人员,2016/5/27
,,,,,
600276,恒瑞医药,监管关注,关于对江苏恒瑞医药股份有限公司及有关责任人予以监管关注的决定,上市公司、董事、高级管理人员,2016/6/8
,,,,,
600113,浙江东日,监管工作函,要求公司加强停复牌管理并及时履行信息披露义务,上市公司,2016/5/26
,,,,,
600069,银鸽投资,监管工作函,要求公司加强停复牌管理并及时履行信息披露义务,上市公司,2016/5/25
,,,,,
600528,中铁二局,监管关注,关于对中铁二局股份有限公司和董事会秘书邓爱民予以监管关注的决定,上市公司、高级管理人员,2016/5/25
,,,,,
600225,天津松江,监管关注,关于对天津松江股份有限公司股东上海沅乙投资中心（有限合伙）予以监管关注的决定,一般股东,2016/5/25
,,,,,
600764,中电广通,监管工作函,要求公司加强停复牌管理并及时履行信息披露义务,上市公司,2016/5/23
,,,,,
600367,红星发展,监管工作函,对公司股价异常波动与媒体报道相关事项提出监管要求,上市公司,2016/5/20
,,,,,
600175,美都能源,监管工作函,要求公司非公开发行股票的保荐机构审慎履行督导义务,中介机构及其相关人员,2016/5/20
,,,,,
601101,昊华能源,通报批评,关于对北京京煤集团有限责任公司及其董事长付合年予以通报批评的决定,控股股东及实际控制人,2016/5/20
,,,,,
603838,四通股份,监管工作函,要求公司加强停复牌管理并及时履行信息披露义务,上市公司,2016/5/19
,,,,,
603268,松发股份,监管工作函,要求公司加强停复牌管理并及时履行信息披露义务,上市公司,2016/5/19
,,,,,
600652,游久游戏,通报批评,关于对上海游久游戏股份有限公司股东刘亮、代琳予以通报批评的决定,一般股东,2016/5/18
,,,,,
600543,莫高股份,监管工作函,要求公司核实并披露股东大会决议有关事项,上市公司,2016/5/18
,,,,,
600170,上海建工,监管关注,关于对上海建工集团股份有限公司和董事会秘书李胜予以监管关注的决定,上市公司、高级管理人员,2016/5/17
,,,,,
600420,现代制药,监管关注,关于对上海现代制药股份有限公司及董事会秘书魏冬松予以监管关注的决定,上市公司、高级管理人员,2016/5/17
,,,,,
600771,广誉远,监管工作函,要求公司核实并披露子公司涉诉有关事项,上市公司,2016/5/13
,,,,,
600827,百联股份,监管工作函,对股东分立有关事项明确监管要求,上市公司、一般股东,2016/5/13
,,,,,
600663,陆家嘴,监管工作函,对公司董事会决议的信息披露事项明确监管要求,上市公司,2016/5/13
,,,,,
600605,汇通能源,监管工作函,对公司股价波动相关事项提出监管要求,上市公司,2016/5/12
,,,,,
603118,共进股份,监管关注,关于对深圳市共进电子股份有限公司监事殷泽望予以监管关注的决定,监事,2016/5/11
,,,,,
601890,亚星锚链,监管关注,关于对江苏亚星锚链股份有限公司股东陶媛予以监管关注的决定,控股股东及实际控制人,2016/5/11
,,,,,
600645,中源协和,监管工作函,要求公司加强停复牌管理并及时履行信息披露义务,上市公司,2016/5/10
,,,,,
600533,栖霞建设,监管工作函,要求公司加强停复牌管理并及时履行信息披露义务，要求财务顾问就重组后续处理方案出具专项意见,上市公司、中介机构及其相关人员,2016/5/10
,,,,,
600822,上海物贸,监管工作函,要求公司加强停复牌管理并及时履行信息披露义务,上市公司,2016/5/10
,,,,,
600732,*ST新梅,监管工作函,要求公司核实股东公开征集提案权的相关事项并及时履行信息披露义务，要求律师出具专项意见,上市公司、一般股东中介机构及其相关人员,2016/5/6
,,,,,
600556,慧球科技,监管工作函,要求公司加强停复牌管理并及时履行信息披露义务,上市公司,2016/5/5
,,,,,
600122,宏图高科,监管工作函,对公司延期回复重组问询函事项明确监管要求,上市公司,2016/5/4
,,,,,
600091,ST明科,监管工作函,要求公司加强停复牌管理并及时履行信息披露义务,上市公司,2016/5/3
,,,,,
600145,*ST新亿,监管工作函,对公司重整中债权债务确认与停复牌相关事项提出监管要求,上市公司,2016/4/29
,,,,,
600097,开创国际,监管工作函,对公司业绩预告更正事项提出监管要求,上市公司,2016/4/28
,,,,,
600697,欧亚集团,监管工作函,要求公司股东说明并披露提议高送转的理由及相关情况,一般股东,2016/4/28
,,,,,
600385,山东金泰,监管工作函,要求公司核实并披露筹划重大事项对实际控制人承诺履行情况的影响,上市公司,2016/4/27
,,,,,
600408,安泰集团,监管工作函,要求公司核实并披露媒体报道的相关事项,上市公司,2016/4/27
,,,,,
600848,上海临港,监管工作函,要求公司加强停复牌管理并及时履行信息披露义务,上市公司,2016/4/27
,,,,,
600139,西部资源,监管工作函,要求公司详细披露重大资产重组与股权转让相关事项并加强停复牌管理,上市公司,2016/4/25
,,,,,
600725,云维股份,监管工作函,要求公司及担保人核实并披露债券回售及付息风险与具体安排、要求受托管理人积极履行受托职责并出具专项意见,上市公司、控股股东及实际控制人、中介机构及其相关人员,2016/4/22
,,,,,
601001,大同煤业,监管工作函,要求公司加强停复牌管理并及时履行信息披露义务,上市公司,2016/4/22
,,,,,
600785,新华百货,监管工作函,对公司股价波动相关事项提出监管要求,上市公司,2016/4/21
,,,,,
600339,*ST天利,监管工作函,要求公司加强停复牌管理并及时履行信息披露义务,上市公司,2016/4/21
,,,,,
600606,绿地控股,监管工作函,要求公司核实并披露原控股子公司债券违约相关事项,上市公司,2016/4/21
,,,,,
603227,雪峰科技,监管工作函,要求保荐人核实并说明对新上市公司履行持续督导责任的相关事项,中介机构及其相关人员,2016/4/20
,,,,,
603889,新澳股份,监管工作函,要求公司加强停复牌管理并及时履行信息披露义务,上市公司,2016/4/20
,,,,,
600857,宁波中百,监管工作函,要求公司核实并披露有关对外担保的相关事项,上市公司,2016/4/20
,,,,,
600478,科力远,监管工作函,要求公司充分披露高送转的目的及原因,上市公司,2016/4/20
,,,,,
600870,厦华电子,监管工作函,要求公司关注股东权益变动的影响并及时履行信息披露义务,上市公司,2016/4/19
,,,,,
600145,*ST新亿,监管工作函,对公司年报披露与停复牌相关事项提出监管要求,上市公司,2016/4/18
,,,,,
600247,*ST成城,监管工作函,对年报审计相关事项提出监管要求,中介机构及其相关人员,2016/4/18
,,,,,
603399,新华龙,监管工作函,要求公司加强停复牌管理并及时履行信息披露义务,上市公司,2016/4/18
,,,,,
600368,五洲交通,监管工作函,对公司控股股东非经营性资金占用事项提出监管要求,上市公司,2016/4/15
,,,,,
601618,中国中冶,监管关注,关于对中国冶金科工股份有限公司董事长国文清予以监管关注的决定,董事,2016/4/14
,,,,,
600423,柳化股份,监管工作函,要求披露公司股价异动核查情况、非经营性资金占用相关事项及其影响,上市公司、控股股东及实际控制人、中介机构及其相关人员,2016/4/14
,,,,,
600485,信威集团,监管工作函,要求公司加强停复牌管理并及时履行信息披露义务,上市公司,2016/4/14
,,,,,
601618,中国中冶,通报批评,关于对中国冶金科工股份有限公司及董事会秘书肖学文予以通报批评的决定,上市公司、高级管理人员,2016/4/12
,,,,,
600822,上海物贸,监管工作函,要求公司加强停复牌管理并及时履行信息披露义务,上市公司,2016/4/12
,,,,,
600984,*ST建机,监管工作函,要求公司补充披露变更重组业绩承诺有关事项,上市公司,2016/4/12
,,,,,
600721,百花村,监管关注,关于对新疆百花村股份有限公司和董事会秘书吕政田予以监管关注的决定,上市公司、高级管理人员,2016/4/12
,,,,,
600785,新华百货,监管工作函,要求公司尽快明确并披露股东大会临时提案的后续安排,上市公司,2016/4/11
,,,,,
600785,新华百货,监管工作函,对公司股东大会临时提案事项提出监管要求,一般股东,2016/4/11
,,,,,
600306,商业城,监管工作函,要求公司核实股价波动有关事项,上市公司,2016/4/11
,,,,,
600303,曙光股份,监管关注,关于对辽宁曙光汽车集团股份有限公司和董事会秘书那涛予以监管关注的决定,上市公司、高级管理人员,2016/4/8
,,,,,
603899,晨光文具,监管关注,关于对上海晨光文具股份有限公司副总裁吴联银予以监管关注的决定,高级管理人员,2016/4/8
,,,,,
600381,青海春天,监管工作函,对公司召开投资者说明会的信息披露工作提出监管要求,上市公司,2016/4/7
,,,,,
600058,五矿发展,监管工作函,要求公司核实并披露天津港爆炸事故相关损失及对公司的影响,上市公司,2016/4/5
,,,,,
600291,西水股份,通报批评,关于对内蒙古西水创业股份有限公司及有关责任人予以通报批评的决定,上市公司、董事、高级管理人员,2016/4/5
,,,,,
600843,上工申贝,监管工作函,要求公司披露股权转让与重大资产重组的关系并加强停复牌管理,上市公司,2016/4/1
,,,,,
600381,青海春天,监管工作函,要求公司披露换发《药品生产许可证》相关事项及对公司生产经营的影响,上市公司,2016/4/1
,,,,,
600812,华北制药,监管关注,关于对华北制药股份有限公司及有关责任人予以监管关注的决定,上市公司、董事、高级管理人员,2016/4/1
,,,,,
600381,青海春天,监管工作函,要求公司核实并披露冬虫夏草保健食品试点停止相关事项,上市公司,2016/3/31
,,,,,
600455,博通股份,通报批评,关于对西安博通资讯股份有限公司股东黄永飞及其一致行动人予以纪律处分的决定,一般股东,2016/3/30
,,,,,
600455,博通股份,公开谴责,关于对西安博通资讯股份有限公司股东黄永飞及其一致行动人予以纪律处分的决定,一般股东,2016/3/30
,,,,,
600539,*ST狮头,监管工作函,要求公司加强停复牌管理并及时履行信息披露义务,上市公司,2016/3/29
,,,,,
600306,商业城,通报批评,关于对深圳市琪创能贸易有限公司予以通报批评的决定,一般股东,2016/3/29
,,,,,
600399,抚顺特钢,监管工作函,要求公司加强信息披露管理并自查是否存在未披露的重大事项,上市公司、控股股东及实际控制人,2016/3/28
,,,,,
600689,上海三毛,通报批评,关于对上海三毛企业(集团)股份有限公司和控股股东重庆轻纺控股(集团)公司以及有关责任人予以通报批评的决定,上市公司、控股股东及实际控制人、董事、高级管理人员,2016/3/28
,,,,,
600891,秋林集团,监管工作函,要求公司核查并披露举报投诉有关事项,上市公司,2016/3/25
,,,,,
600663,陆家嘴,监管工作函,要求公司加强停复牌管理并及时履行信息披露义务,上市公司,2016/3/25
,,,,,
603111,康尼机电,监管关注,关于对南京康尼机电股份有限公司及有关责任人予以监管关注的决定,上市公司、董事、高级管理人员,2016/3/23
,,,,,
600745,中茵股份,监管工作函,要求公司加强停复牌管理并及时履行信息披露义务,上市公司,2016/3/23
,,,,,
600145,*ST新亿,监管工作函,要求公司核实并披露公司对外联系方式,上市公司,2016/3/22
,,,,,
600390,金瑞科技,监管工作函,要求公司加强停复牌管理并及时履行信息披露义务,上市公司,2016/3/22
,,,,,
600656,*ST博元,监管工作函,对公司股票退市整理期的相关工作及信息披露事项提出监管要求,上市公司,2016/3/21
,,,,,
600729,重庆百货,监管工作函,要求公司核实并披露控股股东增持计划相关进展,上市公司,2016/3/21
,,,,,
600817,ST宏盛,监管工作函,要求公司加强停复牌管理并及时履行信息披露义务,上市公司,2016/3/17
,,,,,
600145,*ST新亿,监管工作函,要求公司补充披露破产重整计划相关信息,上市公司,2016/3/17
,,,,,
600851,海欣股份,监管关注,关于对上海海欣集团股份有限公司和有关责任人予以监管关注的决定,上市公司、董事、高级管理人员,2016/3/17
,,,,,
601168,西部矿业,监管工作函,要求公司加强停复牌管理并及时履行信息披露义务,上市公司,2016/3/16
,,,,,
600468,百利电气,监管工作函,要求公司加强停复牌管理并及时履行信息披露义务,上市公司,2016/3/15
,,,,,
600175,美都能源,监管工作函,对中介机构年报审计相关工作明确监管要求,中介机构及其相关人员,2016/3/14
,,,,,
600262,北方股份,监管关注,关于对内蒙古北方重型汽车股份有限公司和董事会秘书常德明予以监管关注的决定,上市公司、高级管理人员,2016/3/14
,,,,,
600110,诺德股份,监管关注,关于对诺德投资股份有限公司和有关责任人予以监管关注的决定,上市公司、董事、高级管理人员,2016/3/14
,,,,,
600628,新世界,监管关注,关于对上海新世界股份有限公司和有关责任人予以监管关注的决定,上市公司、董事、高级管理人员,2016/3/14
,,,,,
600656,*ST博元,监管工作函,要求公司再次补充披露前期监管工作函中明确的信息披露事项,上市公司,2016/3/11
,,,,,
601700,风范股份,监管工作函,要求公司加强停复牌管理并及时履行信息披露义务,上市公司,2016/3/11
,,,,,
603399,新华龙,监管工作函,要求公司加强停复牌管理并及时履行信息披露义务,上市公司,2016/3/10
,,,,,
600656,*ST博元,监管工作函,要求公司核实并披露有关申请破产重整的若干事项,上市公司,2016/3/10
,,,,,
600234,山水文化,监管工作函,要求公司核实并披露股价异动事项,上市公司,2016/3/9
,,,,,
600122,宏图高科,监管工作函,要求公司加强停复牌管理并及时履行信息披露义务,上市公司,2016/3/9
,,,,,
603123,翠微股份,监管工作函,要求公司核实股价波动有关事项,上市公司,2016/3/9
,,,,,
600145,*ST新亿,监管工作函,对公司股票除权及相关信息披露事项提出监管要求,上市公司,2016/3/8
,,,,,
600732,*ST新梅,监管工作函,要求公司核实并披露重大资产重组相关进展,上市公司,2016/3/8
,,,,,
603869,北部湾旅,监管关注,关于对北部湾旅游股份有限公司和董事会秘书檀国民予以监管关注的决定,上市公司、高级管理人员,2016/3/7
,,,,,
600890,中房股份,监管工作函,要求公司加强停复牌管理并及时履行信息披露义务,上市公司,2016/3/4
,,,,,
600502,安徽水利,监管工作函,要求公司加强停复牌管理并及时履行信息披露义务,上市公司,2016/3/4
,,,,,
600306,商业城,监管工作函,要求公司核实并披露关联方承诺履行事项,上市公司,2016/3/3
,,,,,
600895,张江高科,监管工作函,要求公司说明交易事项会计处理的合规性，要求会计师及独立董事发表专项意见,上市公司、董事、中介机构及其相关人员,2016/3/1
,,,,,
600234,山水文化,监管工作函,要求股东补充说明一致行动关系相关事项，要求律师发表专项意见,一般股东、中介机构及其相关人员,2016/2/29
,,,,,
600603,*ST兴业,监管工作函,要求公司尽快确认重大资产重组调整事项并及时复牌,上市公司,2016/2/29
,,,,,
600656,*ST博元,监管工作函,要求中介机构在年报审计中关注相关交易的会计处理,中介机构及其相关人员,2016/2/26
,,,,,
600539,*ST狮头,监管工作函,要求公司加强停复牌管理并及时履行信息披露义务,上市公司,2016/2/25
,,,,,
600469,风神股份,监管工作函,要求公司加强停复牌管理并及时履行信息披露义务和相关决策程序,上市公司,2016/2/25
,,,,,
600987,航民股份,监管工作函,要求公司核实股价波动有关事项,上市公司,2016/2/25
,,,,,
600120,浙江东方,监管工作函,要求公司加强停复牌管理并及时履行信息披露义务,上市公司,2016/2/24
,,,,,
603010,万盛股份,监管工作函,要求公司加强停复牌管理并及时履行信息披露义务和相关决策程序,上市公司,2016/2/24
,,,,,
600793,ST宜纸,监管关注,关于对宜宾纸业股份有限公司和董事会秘书王强予以监管关注的决定,上市公司、高级管理人员,2016/2/24
,,,,,
600234,山水文化,监管工作函,要求公司核实股东一致行动关系并及时履行信息披露义务,上市公司,2016/2/23
,,,,,
600006,东风汽车,监管工作函,要求公司加强停复牌管理并及时履行信息披露义务,上市公司,2016/2/23
,,,,,
600983,惠而浦,监管关注,关于对惠而浦（中国）股份有限公司和有关责任人予以监管关注的决定,上市公司、董事、高级管理人员,2016/2/23
,,,,,
600393,东华实业,监管关注,关于对广州东华实业股份有限公司和有关责任人予以监管关注的决定,上市公司、董事、高级管理人员,2016/2/23
,,,,,
600086,东方金钰,监管关注,关于对东方金钰股份有限公司和董事长赵兴龙予以监管关注的决定,上市公司、董事,2016/2/23
,,,,,
600785,新华百货,监管工作函,要求股东核实并说明股票交易情况,一般股东,2016/2/22
,,,,,
600234,山水文化,监管工作函,要求公司核实股东一致行动关系并督促股东及时履行信息披露义务,上市公司,2016/2/19
,,,,,
600390,金瑞科技,监管工作函,要求公司加强停复牌管理并及时履行信息披露义务,上市公司,2016/2/19
,,,,,
600751,天海投资,监管工作函,要求公司加强停复牌管理并及时履行信息披露义务,上市公司,2016/2/19
,,,,,
600288,大恒科技,监管工作函,要求公司及实际控制人核查股票交易异常波动有关事项,上市公司、控股股东及实际控制人,2016/2/18
,,,,,
603558,健盛集团,监管工作函,要求公司核实股价波动有关事项,上市公司,2016/2/16
,,,,,
603889,新澳股份,监管工作函,要求公司加强停复牌管理并及时履行信息披露义务,上市公司,2016/2/16
,,,,,
600655,豫园商城,监管工作函,要求公司核实股价波动有关事项,上市公司,2016/2/16
,,,,,
600806,昆明机床,监管工作函,要求公司核实并披露股权转让及非公开发行相关事项,上市公司,2016/2/15
,,,,,
600226,升华拜克,监管关注,关于对浙江升华拜克生物股份有限公司及董事会秘书陶舜晓予以监管关注的决定,上市公司、高级管理人员,2016/2/5
,,,,,
601688,华泰证券,公开谴责,关于对江苏省苏豪控股集团有限公司及其一致行动人江苏省苏豪国际集团股份有限公司予以公开谴责的决定,一般股东,2016/2/5
,,,,,
601633,长城汽车,通报批评,关于对长城汽车股份有限公司董事兼副总经理胡克刚予以通报批评的决定,董事,2016/2/5
,,,,,
600797,浙大网新,通报批评,关于对浙大网新科技股份有限公司董事兼总裁陈健予以通报批评的决定,董事,2016/2/5
,,,,,
600556,慧球科技,通报批评,关于对广西慧球科技股份有限公司股东顾国平和资产管理人华安未来资产管理（上海）有限公司予以通报批评的决定,控股股东及实际控制人、其他,2016/2/5
,,,,,
600290,华仪电气,监管关注,关于对华仪电气股份有限公司及有关责任人予以监管关注的决定,上市公司、董事、高级管理人员,2016/2/5
,,,,,
600226,升华拜克,通报批评,关于对浙江升华拜克生物股份有限公司实际控制人沈培今予以通报批评的决定,控股股东及实际控制人,2016/2/4
,,,,,
600785,新华百货,监管工作函,要求公司说明未及时披露中介机构意见的原因,上市公司,2016/2/4
,,,,,
600575,皖江物流,公开谴责,关于对安徽皖江物流（集团）股份有限公司时任监事艾强予以公开谴责的决定,监事,2016/2/4
,,,,,
600291,西水股份,监管工作函,要求公司加强停复牌管理并及时履行信息披露义务,上市公司,2016/2/4
,,,,,
600838,上海九百,监管工作函,要求公司核实股价波动有关事项,上市公司,2016/2/3
,,,,,
600634,中技控股,监管工作函,对公司董事和高管增持计划事项明确监管要求,上市公司,2016/2/3
,,,,,
600234,山水文化,公开谴责,关于对山西广和山水文化传播股份有限公司股东东营国际金融贸易港有限公司及其一致行动人孙承飞予以公开谴责的决定,一般股东,2016/2/2
,,,,,
600866,星湖科技,通报批评,关于对广东肇庆星湖生物科技股份有限公司及有关责任人予以通报批评的决定,上市公司、董事、高级管理人员,2016/2/2
,,,,,
600512,腾达建设,通报批评,关于对腾达建设集团股份有限公司监事林欢予以通报批评的决定,监事,2016/2/2
,,,,,
600379,宝光股份,监管工作函,要求公司加强停复牌管理并及时履行信息披露义务,上市公司,2016/2/2
,,,,,
603766,隆鑫通用,监管工作函,对公司无人机进展信息披露事项明确监管要求,上市公司,2016/2/2
,,,,,
600319,亚星化学,通报批评,关于对潍坊亚星化学股份有限公司及其实际控制人、董事会秘书予以通报批评的决定,上市公司、控股股东及实际控制人、高级管理人员,2016/2/2
,,,,,
600319,亚星化学,监管关注,关于对潍坊亚星化学股份有限公司重大资产重组独立财务顾问项目主办人曾德雄、魏真锋、邵佳、谢娟予以监管关注的决定,中介机构及其相关人员,2016/2/2
,,,,,
600844,丹化科技,公开谴责,关于对丹化化工科技股份有限公司股东董荣亭予以公开谴责的决定,一般股东,2016/2/2
,,,,,
601669,中国电建,监管工作函,要求公司核实下属公司违规借款、担保、投资、收购等信访投诉事项,上市公司,2016/2/1
,,,,,
600381,青海春天,监管工作函,要求公司核实并补充披露控股子公司药品生产许可证到期有关事项，要求财务顾问发表意见,上市公司、中介机构及其相关人员,2016/2/1
,,,,,
600401,*ST海润,监管工作函,要求公司核实并披露合作协议的相关事项,上市公司,2016/1/28
,,,,,
600656,*ST博元,监管工作函,要求公司进行业绩预告提示风险并落实年审机构聘请工作,上市公司,2016/1/28
,,,,,
600898,三联商社,监管工作函,要求公司补充披露战略合作协议相关事项,上市公司,2016/1/28
,,,,,
600866,星湖科技,监管工作函,要求公司股东核实并披露股东权益变动相关事项,上市公司,2016/1/27
,,,,,
600584,长电科技,监管工作函,要求公司加强停复牌管理并及时履行信息披露义务,上市公司,2016/1/27
,,,,,
600526,菲达环保,监管关注,关于对浙江菲达环保科技股份有限公司和董事会秘书周明良予以监管关注的决定,上市公司、高级管理人员,2016/1/27
,,,,,
600265,ST景谷,监管工作函,要求公司加强停复牌管理并及时履行信息披露义务，要求相关股东妥善处理协议转让事宜,上市公司、控股股东及实际控制人,2016/1/26
,,,,,
600175,美都能源,监管工作函,要求公司重新履行员工持股计划的决策程序和信息披露义务，要求公司实际控制人披露未履行义务的原因,上市公司、控股股东及实际控制人,2016/1/26
,,,,,
601288,农业银行,监管工作函,要求公司核实并披露媒体报道事项,上市公司,2016/1/22
,,,,,
600747,大连控股,监管工作函,要求中介机构在年报审计中关注相关交易的会计处理,中介机构及其相关人员,2016/1/21
,,,,,
600867,通化东宝,监管工作函,要求公司按时披露补充公告,上市公司,2016/1/20
,,,,,
601216,君正集团,监管关注,关于对内蒙古君正能源化工集团股份有限公司及董事会秘书张杰予以监管关注的决定,上市公司、高级管理人员,2016/1/20
,,,,,
600268,国电南自,监管关注,关于对国电南京自动化股份有限公司和控股股东国家电力公司南京电力自动化设备总厂及相关责任人予以监管关注的决定,公司、控股股东及实际控制人、董事、高级管理人员,2016/1/20
,,,,,
600634,中技控股,监管关注,关于对上海中技投资控股股份有限公司和有关责任人予以监管关注的决定,上市公司、董事、高级管理人员,2016/1/19
,,,,,
600710,*ST常林,监管关注,关于对常林股份有限公司董事会秘书梁逢源予以监管关注的决定,高级管理人员,2016/1/19
,,,,,
600586,金晶科技,监管关注,关于对山东金晶科技股份有限公司和有关责任人予以监管关注的决定,上市公司、董事、高级管理人员,2016/1/19
,,,,,
600539,*ST狮头,监管工作函,要求公司加强停复牌管理并及时履行信息披露义务,上市公司,2016/1/18
,,,,,
600401,*ST海润,监管工作函,要求公司核实并披露违约赔偿事宜,上市公司,2016/1/18
,,,,,
600306,商业城,监管工作函,要求公司股东核实并说明股东计划减持有关事项，要求律师出具专项意见,一般股东、中介机构及其相关人员,2016/1/18
,,,,,
600710,*ST常林,通报批评,关于对常林股份有限公司及有关责任人予以通报批评的决定,上市公司、董事,2016/1/18
,,,,,
600469,风神股份,监管工作函,要求公司核实并补充披露实际控制人声明不减持公司股份有关事项,上市公司,2016/1/14
,,,,,
600299,安迪苏,监管工作函,要求公司核实并补充披露实际控制人声明不减持公司股份有关事项,上市公司,2016/1/14
,,,,,
600579,天华院,监管工作函,要求公司核实并补充披露实际控制人声明不减持公司股份有关事项,上市公司,2016/1/14
,,,,,
600378,天科股份,监管工作函,要求公司核实并补充披露实际控制人声明不减持公司股份有关事项,上市公司,2016/1/14
,,,,,
600759,洲际油气,监管工作函,要求公司加强停复牌管理并及时履行信息披露义务,上市公司,2016/1/14
,,,,,
600556,慧球科技,监管工作函,要求公司加强停复牌管理并及时披露房产赠予有关事项,上市公司,2016/1/13
,,,,,
600311,ST荣华,监管关注,关于对甘肃荣华实业（集团）股份有限公司和有关责任人予以监管关注的决定,上市公司、董事、高级管理人员,2016/1/13
,,,,,
600306,商业城,监管工作函,对公司股东违规买卖公司股票事项明确监管要求,一般股东,2016/1/12
,,,,,
600595,中孚实业,监管工作函,要求公司加强停复牌管理并及时履行信息披露义务,上市公司,2016/1/12
,,,,,
600145,*ST新亿,监管工作函,要求中介机构在年报审计中关注相关交易的会计处理,中介机构及其相关人员,2016/1/12
,,,,,
600175,美都能源,监管关注,关于对美都能源股份有限公司和有关责任人予以监管关注的决定,上市公司、高级管理人员,2016/1/11
,,,,,
600617,国新能源,监管关注,关于对山西省国新能源股份有限公司和董事会秘书张帆予以监管关注的决定,上市公司、高级管理人员,2016/1/11
,,,,,
600793,ST宜纸,监管工作函,要求公司充分揭示重大资产重组相关风险,上市公司,2016/1/11
,,,,,
600732,*ST新梅,监管工作函,要求公司及时披露业绩预告并充分揭示风险,上市公司,2016/1/11
,,,,,
600696,匹凸匹,监管工作函,要求中介机构在年报审计中关注相关交易的会计处理,中介机构及其相关人员,2016/1/11
,,,,,
600732,*ST新梅,监管工作函,督促公司披露律师事务所就诉讼有关事项出具的法律意见书,上市公司,2016/1/11
,,,,,
600145,*ST新亿,监管工作函,要求公司及时披露业绩预告并充分揭示风险,上市公司,2016/1/8
,,,,,
600644,*ST乐电,监管工作函,要求公司及时披露业绩预告并充分揭示风险,上市公司,2016/1/7
,,,,,
600608,*ST沪科,监管工作函,要求公司及时披露业绩预告并充分揭示风险,上市公司,2016/1/7
,,,,,
600247,*ST成城,监管工作函,要求公司及时披露业绩预告并充分揭示风险,上市公司,2016/1/7
,,,,,
600163,*ST闽能,监管工作函,要求公司及时披露业绩预告并充分揭示风险,上市公司,2016/1/7
,,,,,
600962,*ST中鲁,监管工作函,要求公司及时披露业绩预告并充分揭示风险,上市公司,2016/1/7
,,,,,
600870,*ST厦华,监管工作函,要求公司及时披露业绩预告并充分揭示风险,上市公司,2016/1/7
,,,,,
600779,*ST水井,监管工作函,要求公司及时披露业绩预告并充分揭示风险,上市公司,2016/1/7
,,,,,
600722,*ST金化,监管工作函,要求公司及时披露业绩预告并充分揭示风险,上市公司,2016/1/7
,,,,,
600715,*ST松辽,监管工作函,要求公司及时披露业绩预告并充分揭示风险,上市公司,2016/1/7
,,,,,
600710,*ST常林,监管工作函,要求公司及时披露业绩预告并充分揭示风险,上市公司,2016/1/7
,,,,,
600691,*ST阳化,监管工作函,要求公司及时披露业绩预告并充分揭示风险,上市公司,2016/1/7
,,,,,
600539,*ST狮头,监管工作函,要求公司及时披露业绩预告并充分揭示风险,上市公司,2016/1/7
,,,,,
600444,*ST国通,监管工作函,要求公司及时披露业绩预告并充分揭示风险,上市公司,2016/1/7
,,,,,
600408,*ST安泰,监管工作函,要求公司及时披露业绩预告并充分揭示风险,上市公司,2016/1/7
,,,,,
600401,*ST海润,监管工作函,要求公司及时披露业绩预告并充分揭示风险,上市公司,2016/1/7
,,,,,
600301,*ST南化,监管工作函,要求公司及时披露业绩预告并充分揭示风险,上市公司,2016/1/7
,,,,,
600332,白云山,监管关注,关于对广州白云山医药集团股份有限公司副总经理王文楚予以监管关注的决定,高级管理人员,2016/1/7
,,,,,
600722,*ST金化,监管关注,关于对河北金牛化工股份有限公司和董事会秘书张树林予以监管关注的决定,上市公司、高级管理人员,2016/1/7
,,,,,
600155,宝硕股份,监管工作函,要求公司加强停复牌管理并及时披露重组预案,上市公司,2016/1/6
,,,,,
600677,航天通信,监管工作函,要求公司及时披露业绩预告,上市公司,2016/1/6
,,,,,
600984,*ST建机,监管工作函,要求公司及时披露业绩预告并充分揭示风险,上市公司,2016/1/6
,,,,,
600105,永鼎股份,监管关注,关于对江苏永鼎股份有限公司股东上海东昌广告有限公司予以监管关注的决定,一般股东,2016/1/6
,,,,,
600793,ST宜纸,监管工作函,要求公司核实并补充披露协议收购及重大资产重组相关事项,上市公司,2016/1/6
,,,,,
600234,山水文化,监管工作函,要求中介机构在年报审计中关注相关交易的会计处理,中介机构及其相关人员,2016/1/6
,,,,,
600734,实达集团,监管工作函,要求中介机构在年报审计中关注相关交易的会计处理,中介机构及其相关人员,2016/1/5
,,,,,
600145,*ST新亿,监管工作函,要求公司补充披露重整相关事项并充分揭示风险，要求会计师发表意见,上市公司、中介机构及其相关人员,2016/1/5
,,,,,
600227,赤天化,监管工作函,要求中介机构在年报审计中关注相关交易的会计处理,中介机构及其相关人员,2016/1/5
,,,,,
600851,海欣股份,监管工作函,要求公司加强停复牌管理并及时履行信息披露义务,上市公司,2016/1/5
,,,,,
601117,中国化学,监管工作函,要求公司核实候选独立董事任职相关事项,上市公司,2016/1/4
,,,,,
600502,安徽水利,监管工作函,要求公司加强停复牌管理并及时履行信息披露义务,上市公司,2016/1/4
,,,,,
600091,*ST明科,监管工作函,要求公司及时披露业绩预告并充分揭示风险,上市公司,2016/1/4
,,,,,
600069,*ST银鸽,监管工作函,要求公司及时披露业绩预告并充分揭示风险,上市公司,2016/1/4
,,,,,
600071,*ST光学,监管工作函,要求公司及时披露业绩预告并充分揭示风险,上市公司,2016/1/4
,,,,,
600242,*ST中昌,监管工作函,要求公司及时披露业绩预告并充分揭示风险,上市公司,2016/1/4
,,,,,
600217,*ST秦岭,监管工作函,要求公司及时披露业绩预告并充分揭示风险,上市公司,2016/1/4
,,,,,
600385,山东金泰,监管工作函,要求中介机构在年报审计中关注相关交易的会计处理,中介机构及其相关人员,2016/1/4
,,,,,
600301,*ST南化,监管工作函,要求中介机构在年报审计中关注相关交易的会计处理,中介机构及其相关人员,2015/12/31
,,,,,
600058,五矿发展,监管工作函,要求中介机构在年报审计中关注相关交易的会计处理,中介机构及其相关人员,2015/12/31
,,,,,
600990,四创电子,监管工作函,要求公司加强停复牌管理并及时履行信息披露义务和相关决策程序,上市公司,2015/12/30
,,,,,
600271,航天信息,监管工作函,要求公司加强停复牌管理并及时履行信息披露义务和相关决策程序,上市公司,2015/12/30
,,,,,
600656,*ST博元,公开谴责,关于对珠海市博元投资股份有限公司和有关责任人予以纪律处分的决定,公司、董事、高级管理人员,2015/12/29
,,,,,
600656,*ST博元,通报批评,关于对珠海市博元投资股份有限公司和有关责任人予以纪律处分的决定,高级管理人员,2015/12/29
,,,,,
600423,柳化股份,监管关注,关于对柳州化工股份有限公司有关责任人予以监管关注的决定,董事、监事,2015/12/29
,,,,,
600189,吉林森工,监管工作函,要求中介机构在年报审计中关注相关交易的会计处理,中介机构及其相关人员,2015/12/29
,,,,,
600186,莲花味精,通报批评,关于对河南莲花味精股份有限公司及有关责任人予以通报批评的决定,公司、董事、高级管理人员,2015/12/28
,,,,,
600469,风神股份,监管工作函,要求公司及控股股东加强停复牌管理并及时履行信息披露义务,上市公司、控股股东及实际控制人,2015/12/28
,,,,,
600145,*ST新亿,监管工作函,要求公司核实立案调查事项并及时履行信息披露义务,上市公司,2015/12/28
,,,,,
600822,上海物贸,监管工作函,要求中介机构在年报审计中关注相关交易的会计处理,中介机构及其相关人员,2015/12/28
,,,,,
600379,宝光股份,监管工作函,要求公司加强停复牌管理并及时履行信息披露义务,上市公司,2015/12/28
,,,,,
600423,柳化股份,通报批评,关于对柳州化工股份有限公司及其直接控股股东、间接控股股东和有关责任人予以纪律处分的决定,董事、高级管理人员,2015/12/25
,,,,,
600423,柳化股份,公开谴责,关于对柳州化工股份有限公司及其直接控股股东、间接控股股东和有关责任人予以纪律处分的决定,上市公司、董事、控股股东及实际控制人,2015/12/25
,,,,,
600486,扬农化工,监管工作函,要求公司披露媒体报道澄清公告,上市公司,2015/12/25
,,,,,
600890,中房股份,监管工作函,要求中介机构在年报审计中关注相关交易的会计处理,中介机构及其相关人员,2015/12/25
,,,,,
600546,山煤国际,监管工作函,要求中介机构在年报审计中关注相关交易的会计处理,中介机构及其相关人员,2015/12/25
,,,,,
600990,四创电子,监管关注,关于对安徽四创电子股份有限公司董事长陈信平予以监管关注的决定,董事,2015/12/25
,,,,,
600086,东方金钰,监管工作函,要求公司加强停复牌管理并提供停牌申请相关文件,上市公司,2015/12/24
,,,,,
600488,天药股份,监管工作函,要求公司披露媒体报道澄清公告,上市公司,2015/12/24
,,,,,
600706,曲江文旅,监管工作函,要求公司披露媒体报道澄清公告并提供内幕信息知情人名单,上市公司,2015/12/24
,,,,,
600732,*ST新梅,监管工作函,要求公司说明诉讼进展的相关情况,上市公司,2015/12/23
,,,,,
600696,匹凸匹,监管工作函,要求公司及时披露股权转让事项并提供相关材料,上市公司,2015/12/23
,,,,,
600053,中江地产,监管工作函,要求公司针对证券简称变更事项充分履行信息披露义务,上市公司,2015/12/23
,,,,,
600076,青鸟华光,公开谴责,关于对潍坊北大青鸟华光科技股份有限公司和有关责任人予以公开谴责的决定,上市公司、董事、监事、高级管理人员,2015/12/23
,,,,,
600990,四创电子,通报批评,关于对安徽四创电子股份有限公司及有关责任人予以通报批评的决定,上市公司、高级管理人员,2015/12/23
,,,,,
600822,上海物贸,公开谴责,关于对上海物资贸易股份有限公司和有关责任人予以纪律处分的决定,上市公司、董事、监事、高级管理人员,2015/12/23
,,,,,
600822,上海物贸,公开认定,关于对上海物资贸易股份有限公司和有关责任人予以纪律处分的决定,监事,2015/12/23
,,,,,
600275,武昌鱼,通报批评,关于对湖北武昌鱼股份有限公司及其实际控制人翦英海和有关责任人予以通报批评的决定,上市公司、控股股东及实际控制人、董事、高级管理人员,2015/12/23
,,,,,
600806,昆明机床,通报批评,关于对沈机集团昆明机床股份有限公司及有关责任人予以通报批评的决定,上市公司、控股股东及实际控制人、董事、高级管理人员,2015/12/23
,,,,,
600070,浙江富润,监管工作函,要求公司加强停复牌管理并及时履行信息披露义务和相关决策程序,上市公司,2015/12/22
,,,,,
600271,航天信息,监管工作函,要求公司加强停复牌管理并及时履行信息披露义务,上市公司,2015/12/22
,,,,,
600872,中炬高新,监管工作函,要求公司说明非公开发行股票事项进展，核实控股股东及实际控制人变更事项并及时履行信息披露义务,上市公司,2015/12/21
,,,,,
600785,新华百货,监管工作函,要求举牌股东聘请中介机构并及时履行信息披露义务,一般股东,2015/12/21
,,,,,
600546,山煤国际,监管工作函,要求公司及中介机构审慎处理承包经营的会计处理,上市公司、中介机构及其相关人员,2015/12/21
,,,,,
600627,赤天化,监管工作函,要求公司加强停复牌管理并及时履行信息披露义务和相关决策程序,上市公司,2015/12/19
,,,,,
600793,ST宜纸,监管工作函,要求公司加强停复牌管理并及时履行信息披露义务,上市公司,2015/12/18
,,,,,
600890,中房股份,监管工作函,要求公司加强停复牌管理并及时履行信息披露义务和相关决策程序,上市公司,2015/12/17
,,,,,
600234,山水文化,监管工作函,要求公司及时披露非公开发行及股东权利委托相关事项,上市公司,2015/12/17
,,,,,
600656,*ST博元,监管工作函,对公司获赠资产事项明确监管意见并要求公司充分揭示风险,上市公司,2015/12/17
,,,,,
600086,东方金钰,监管工作函,要求公司加强停复牌管理并及时履行信息披露义务,上市公司,2015/12/16
,,,,,
600058,五矿发展,监管工作函,要求公司补充披露转让控股子公司股权暨关联交易的相关事项,上市公司,2015/12/16
,,,,,
600455,博通股份,监管工作函,要求公司补充披露股东及一致行动人权益变动相关事项,上市公司,2015/12/16
,,,,,
600812,华北制药,监管工作函,进一步要求公司补充披露公司产品获批的相关进展情况,上市公司,2015/12/16
,,,,,
600120,浙江东方,监管工作函,要求公司加强停复牌管理并及时履行信息披露义务,上市公司,2015/12/15
,,,,,
600781,辅仁药业,监管工作函,要求公司加强停复牌管理并及时履行信息披露义务,上市公司,2015/12/15
,,,,,
600375,华菱星马,监管关注,关于对华菱星马汽车(集团)股份有限公司及有关责任人予以监管关注的决定,上市公司、董事、高级管理人员,2015/12/15
,,,,,
600812,华北制药,监管工作函,要求公司补充披露公司产品获批的相关进展情况,上市公司,2015/12/15
,,,,,
600578,京能电力,监管工作函,要求公司加强停复牌管理并及时履行信息披露义务,上市公司,2015/12/14
,,,,,
600969,郴电国际,监管工作函,要求公司尽快召开董事会审议利润分配等提案并履行信息披露义务,上市公司,2015/12/14
,,,,,
603026,石大胜华,监管工作函,要求公司提供内幕信息知情人及相关机构调研人员身份信息并准确客观履行信息披露义务,上市公司,2015/12/10
,,,,,
600781,辅仁药业,监管工作函,要求公司加强停复牌管理并及时披露重大资产重组预案,上市公司,2015/12/9
,,,,,
600864,哈投股份,监管工作函,要求公司加强停复牌管理并及时履行信息披露义务,上市公司,2015/12/9
,,,,,
600094,大名城,监管关注,关于对上海大名城企业股份有限公司和董事会秘书张燕琦予以监管关注的决定,上市公司、高级管理人员,2015/12/9
,,,,,
603918,金桥信息,监管关注,关于对上海金桥信息股份有限公司首次公开发行股份并上市保荐代表人崔勇、吴薇予以监管关注的决定,中介机构及其相关人员,2015/12/9
,,,,,
603918,金桥信息,通报批评,关于对上海金桥信息股份有限公司和有关责任人予以通报批评的决定,上市公司、董事、高级管理人员,2015/12/9
,,,,,
600206,有研新材,通报批评,关于对有研新材料股份有限公司股东国华人寿保险股份有限公司予以通报批评的决定,一般股东,2015/12/9
,,,,,
600660,福耀玻璃,通报批评,关于对福耀玻璃工业集团股份有限公司财务总监左敏予以通报批评的决定,高级管理人员,2015/12/9
,,,,,
600234,山水文化,监管工作函,要求公司核实第一大股东股权转让相关情况并及时履行信息披露义务,上市公司,2015/12/8
,,,,,
600749,西藏旅游,监管工作函,要求公司加强停复牌管理并及时履行信息披露义务,上市公司,2015/12/8
,,,,,
600733,S前锋,通报批评,关于对成都前锋电子股份有限公司及有关责任人予以通报批评的决定,上市公司、董事、高级管理人员,2015/12/8
,,,,,
600539,*ST狮头,通报批评,关于对太原狮头水泥股份有限公司和有关责任人予以通报批评的决定,上市公司、董事、高级管理人员,2015/12/8
,,,,,
600423,柳化股份,监管工作函,要求公司核实控股股东持股情况并及时履行信息披露义务,上市公司,2015/12/4
,,,,,
600982,宁波热电,监管工作函,要求公司加强停复牌管理并及时履行信息披露义务,上市公司,2015/12/3
,,,,,
600186,莲花味精,监管工作函,要求公司提供公司和有关负责人身份信息,上市公司,2015/12/3
,,,,,
600890,中房股份,监管关注,关于对中房置业股份有限公司和董事长予以监管关注的决定,上市公司、董事,2015/12/2
,,,,,
600145,*ST新亿,监管工作函,要求公司补充披露公司重整方案相关事项,上市公司,2015/11/30
,,,,,
600729,重庆百货,监管工作函,要求公司加强停复牌管理并及时披露重大资产重组预案,上市公司,2015/11/30
,,,,,
600898,三联商社,监管工作函,要求公司加强停复牌管理并及时履行信息披露义务,上市公司,2015/11/30
,,,,,
600740,山西焦化,监管工作函,要求公司全面适当履行承诺并及时履行信息披露义务,上市公司、控股股东及实际控制人,2015/11/30
,,,,,
603008,喜临门,监管关注,关于对喜临门家具股份有限公司董事周伟成予以监管关注的决定,董事,2015/11/27
,,,,,
600682,南京新百,监管工作函,要求公司加强停复牌管理并及时披露重大资产重组预案,上市公司,2015/11/27
,,,,,
600671,天目药业,监管工作函,要求公司加强停复牌管理并及时完成内幕信息知情人填报,上市公司,2015/11/26
,,,,,
600234,山水文化,监管工作函,要求公司核实并披露签订《<和解协议书>之补充协议》有关事项,上市公司,2015/11/25
,,,,,
600053,中江地产,监管工作函,要求公司在股票交易异常波动公告中进行重点风险提示,上市公司,2015/11/25
,,,,,
600297,广汇汽车,监管工作函,要求公司加强停复牌管理并及时履行信息披露义务,上市公司,2015/11/25
,,,,,
600781,辅仁药业,监管工作函,要求公司加强停复牌管理并及时履行信息披露义务,上市公司,2015/11/25
,,,,,
600806,昆明机床,监管工作函,要求公司补充披露股票交易异常波动公告相关事项并充分揭示风险,上市公司,2015/11/24
,,,,,
600817,ST宏盛,监管工作函,要求公司督促重组财务顾问发表核查意见及重组参与方出具书面承诺,上市公司,2015/11/24
,,,,,
600145,*ST新亿,监管工作函,对公司拟召开出资人会议有关信息披露事项提出监管要求,上市公司,2015/11/23
,,,,,
600880,博瑞传播,监管工作函,要求公司加强停复牌管理并及时履行信息披露义务,上市公司,2015/11/23
,,,,,
600983,惠而浦,监管工作函,要求公司加强停复牌管理并及时履行信息披露义务,上市公司,2015/11/23
,,,,,
600258,首旅酒店,监管工作函,要求公司加强停复牌管理并及时履行信息披露义务,上市公司,2015/11/23
,,,,,
600168,武汉控股,监管工作函,要求公司加强停复牌管理并及时履行信息披露义务,上市公司,2015/11/23
,,,,,
600189,吉林森工,监管工作函,要求公司加强停复牌管理并及时履行信息披露义务,上市公司,2015/11/21
,,,,,
600763,通策医疗,监管工作函,要求公司加强停复牌管理并及时履行信息披露义务,上市公司,2015/11/20
,,,,,
600303,曙光股份,监管工作函,要求公司核实并披露股票交易异常波动涉及的相关事项,上市公司,2015/11/20
,,,,,
600822,上海物贸,监管工作函,要求公司加强停复牌管理并及时履行信息披露义务,上市公司,2015/11/20
,,,,,
600195,中牧股份,监管工作函,要求公司加强停复牌管理并及时履行信息披露义务,上市公司,2015/11/19
,,,,,
600575,皖江物流,公开认定,关于对安徽皖江物流（集团）股份有限公司和有关责任人予以纪律处分的决定,董事,2015/11/19
,,,,,
600575,皖江物流,公开谴责,关于对安徽皖江物流（集团）股份有限公司和有关责任人予以纪律处分的决定,上市公司、董事、监事、高级管理人员,2015/11/19
,,,,,
601018,宁波港,监管工作函,要求公司加强停复牌管理并及时履行信息披露义务,上市公司,2015/11/18
,,,,,
600817,ST宏盛,监管工作函,要求公司加强停复牌管理并及时履行信息披露义务,上市公司,2015/11/18
,,,,,
600311,荣华实业,监管工作函,要求公司核实并披露全资子公司能否按时恢复生产,上市公司,2015/11/18
,,,,,
600227,赤天化,监管工作函,要求公司加强停复牌管理并及时履行信息披露义务,上市公司,2015/11/18
,,,,,
600097,开创国际,通报批评,关于对上海开创国际海洋资源股份有限公司股东华立集团股份有限公司予以通报批评的决定,一般股东,2015/11/18
,,,,,
600628,新世界,监管关注,关于对上海新世界股份有限公司和有关责任人予以监管关注的决定,上市公司、董事、高级管理人员,2015/11/18
,,,,,
600233,大杨创世,通报批评,关于对大连大杨创世股份有限公司股东北京千石创富资本管理有限公司予以通报批评的决定,一般股东,2015/11/18
,,,,,
600110,中科英华,监管工作函,要求公司加强停复牌管理并及时履行信息披露义务,上市公司,2015/11/17
,,,,,
600847,万里股份,监管工作函,要求公司加强停复牌管理并及时履行信息披露义务,上市公司,2015/11/17
,,,,,
600793,ST宜纸,监管工作函,要求公司及时披露整体搬迁相关事项,上市公司,2015/11/17
,,,,,
603869,北部湾旅,监管工作函,要求公司加强停复牌管理并及时履行信息披露义务,上市公司,2015/11/17
,,,,,
600145,*ST新亿,监管工作函,要求公司及时披露重整相关事项并充分揭示风险,上市公司,2015/11/16
,,,,,
600735,新华锦,监管工作函,要求公司加强停复牌管理并及时履行信息披露义务,上市公司,2015/11/16
,,,,,
600258,首旅酒店,监管工作函,要求公司加强停复牌管理并及时履行信息披露义务,上市公司,2015/11/16
,,,,,
600139,西部资源,监管工作函,要求公司加强停复牌管理,上市公司,2015/11/13
,,,,,
600739,辽宁成大,监管工作函,要求公司加强停复牌管理并及时履行信息披露义务,上市公司,2015/11/13
,,,,,
600238,海南椰岛,监管工作函,要求公司加强停复牌管理并及时履行信息披露义务,上市公司,2015/11/13
,,,,,
600826,兰生股份,监管工作函,要求公司补充披露转让参股公司股权事项的交易标的审计报告及评估报告,上市公司,2015/11/12
,,,,,
600219,南山铝业,监管工作函,要求公司加强停复牌管理并及时履行信息披露义务,上市公司,2015/11/11
,,,,,
600978,宜华木业,监管工作函,要求公司加强停复牌管理并及时履行信息披露义务,上市公司,2015/11/10
,,,,,
600189,吉林森工,通报批评,关于对吉林森林工业股份有限公司及有关责任人予以通报批评的决定,"上市公司,高级管理人员",2015/11/10
,,,,,
600306,商业城,监管关注,关于对沈阳商业城股份有限公司股东陕西省国际信托股份有限公司予以监管关注的决定,一般股东,2015/11/10
,,,,,
600189,吉林森工,监管关注,关于对吉林森林工业股份有限公司董事长柏广新、总经理毛陈居和审计委员会召集人何健芬予以监管关注的决定,董事、高级管理人员,2015/11/10
,,,,,
600759,洲际油气,监管工作函,要求公司加强停复牌管理并及时履行信息披露义务,上市公司,2015/11/9
,,,,,
600732,*ST新梅,监管工作函,要求公司加强停复牌管理并及时履行信息披露义务,上市公司,2015/11/9
,,,,,
600745,中茵股份,监管工作函,要求公司加强停复牌管理并及时履行信息披露义务,上市公司,2015/11/9
,,,,,
600988,赤峰黄金,监管工作函,要求公司加强停复牌管理并及时履行信息披露义务,上市公司,2015/11/9
,,,,,
600864,哈投股份,监管工作函,要求公司加强停复牌管理并及时履行信息披露义务,上市公司,2015/11/9
,,,,,
600589,广东榕泰,监管工作函,要求公司加强停复牌管理并及时履行信息披露义务,上市公司,2015/11/6
,,,,,
600681,万鸿集团,监管工作函,要求公司加强停复牌管理并及时履行信息披露义务,上市公司,2015/11/6
,,,,,
600338,西藏珠峰,监管工作函,要求公司加强停复牌管理并及时履行信息披露义务,上市公司,2015/11/6
,,,,,
600565,迪马股份,监管工作函,要求公司加强停复牌管理并及时履行信息披露义务,上市公司,2015/11/5
,,,,,
603111,康尼机电,监管关注,关于对南京康尼机电股份有限公司和董事会秘书徐庆予以监管关注的决定,上市公司、高级管理人员,2015/11/5
,,,,,
603010,万盛股份,监管工作函,要求公司按照业务指引要求补充披露设立并购基金相关事项,上市公司,2015/11/4
,,,,,
600420,现代制药,监管工作函,要求控股股东提交充分、完整的内幕信息知情人名单,控股股东及实际控制人,2015/11/4
,,,,,
600652,游久游戏,监管工作函,要求公司加强停复牌管理并及时披露重大资产重组预案,上市公司,2015/11/3
,,,,,
600767,运盛医疗,监管工作函,要求公司加强停复牌管理并及时披露重大资产重组预案,上市公司,2015/11/3
,,,,,
600052,浙江广厦,监管关注,关于对浙江广厦股份有限公司控股股东广厦控股集团有限公司及其一致行动人广厦建设集团有限责任公司予以监管关注的决定,控股股东及实际控制人,2015/11/3
,,,,,
600847,万里股份,监管工作函,要求公司加强停复牌管理并及时履行信息披露义务,上市公司,2015/11/2
,,,,,
600306,商业城,监管工作函,要求公司加强停复牌管理并及时履行信息披露义务,上市公司,2015/11/2
,,,,,
603227,雪峰科技,监管工作函,要求公司加强停复牌管理并及时履行信息披露义务,上市公司,2015/11/1
,,,,,
600710,*ST常林,监管工作函,要求公司加强停复牌管理并及时披露重大资产重组预案,上市公司,2015/10/30
,,,,,
600555,九龙山,监管工作函,要求公司加强停复牌管理并及时披露重大资产重组预案,上市公司,2015/10/30
,,,,,
601169,北京银行,监管工作函,要求公司加强停复牌管理并及时履行信息披露义务,上市公司,2015/10/30
,,,,,
600533,栖霞建设,监管工作函,要求公司加强停复牌管理并及时履行信息披露义务,上市公司,2015/10/29
,,,,,
600736,苏州高新,监管工作函,要求公司加强停复牌管理并及时履行信息披露义务,上市公司,2015/10/29
,,,,,
600643,爱建集团,监管工作函,要求公司加强停复牌管理并及时履行信息披露义务,上市公司,2015/10/29
,,,,,
601388,怡球资源,监管工作函,要求公司加强停复牌管理并及时履行信息披露义务,上市公司,2015/10/29
,,,,,
600335,国机汽车,监管工作函,要求公司确认并披露天津港爆炸事故对公司的具体影响,上市公司,2015/10/28
,,,,,
600995,文山电力,监管工作函,要求公司加强停复牌管理并及时履行信息披露义务,上市公司,2015/10/27
,,,,,
600696,匹凸匹,监管工作函,要求公司加强停复牌管理并及时履行信息披露义务,上市公司,2015/10/27
,,,,,
600358,国旅联合,监管工作函,要求公司披露签署战略合作协议有关事项,上市公司,2015/10/27
,,,,,
600751,天海投资,监管工作函,要求公司详细披露股票交易异常波动公告涉及的相关事项并提供内幕信息知情人名单,上市公司,2015/10/27
,,,,,
600026,中海发展,监管工作函,要求公司加强停复牌管理并及时履行信息披露义务,上市公司,2015/10/23
,,,,,
600428,中远航运,监管工作函,要求公司加强停复牌管理并及时履行信息披露义务,上市公司,2015/10/23
,,,,,
601866,中海集运,监管工作函,要求公司加强停复牌管理并及时履行信息披露义务,上市公司,2015/10/23
,,,,,
601919,中国远洋,监管工作函,要求公司加强停复牌管理并及时履行信息披露义务,上市公司,2015/10/23
,,,,,
600165,新日恒力,监管工作函,要求公司加强停复牌管理并及时履行信息披露义务,上市公司,2015/10/22
,,,,,
600532,宏达矿业,监管工作函,要求公司加强停复牌管理并及时履行信息披露义务,上市公司,2015/10/22
,,,,,
600763,通策医疗,监管工作函,要求公司加强停复牌管理并及时履行信息披露义务,上市公司,2015/10/22
,,,,,
600515,海岛建设,监管工作函,要求公司加强停复牌管理并及时履行信息披露义务,上市公司,2015/10/22
,,,,,
600728,佳都科技,监管关注,关于对佳都新太科技股份有限公司有关责任人予以监管关注的决定,董事,2015/10/22
,,,,,
600677,航天通信,监管关注,关于对航天通信控股集团股份有限公司和有关责任人予以监管关注的决定,上市公司、董事、高级管理人员,2015/10/21
,,,,,
600980、600593、600769、600892、603018、600768,北矿磁材、大连圣亚、祥龙电业、宝诚股份、设计股份、宁波富邦,监管关注,关于对中科汇通（深圳）股权投资基金有限公司予以监管关注的决定,一般股东,2015/10/21
,,,,,
600877,中国嘉陵,监管关注,关于对中国嘉陵工业股份有限公司(集团)和董事会秘书予以监管关注的决定,上市公司、高级管理人员,2015/10/21
,,,,,
600097,开创国际,监管工作函,要求公司核实有关媒体报道事项并及时履行信息披露义务,上市公司,2015/10/21
,,,,,
600242,*ST中昌,监管工作函,要求公司加强停复牌管理并及时履行信息披露义务,上市公司,2015/10/21
,,,,,
600167,联美控股,监管工作函,要求公司加强停复牌管理并及时履行信息披露义务,上市公司,2015/10/21
,,,,,
600462,石岘纸业,监管工作函,要求公司加强停复牌管理并及时履行信息披露义务,上市公司,2015/10/21
,,,,,
600817,ST宏盛,监管工作函,要求公司加强停复牌管理并及时履行信息披露义务,上市公司,2015/10/21
,,,,,
600682,南京新百,监管工作函,要求公司加强停复牌管理并及时履行信息披露义务,上市公司,2015/10/21
,,,,,
600721,百花村,监管工作函,要求公司加强停复牌管理并及时履行信息披露义务,上市公司,2015/10/21
,,,,,
600900,长江电力,监管工作函,要求公司加强停复牌管理并及时履行信息披露义务,上市公司,2015/10/21
,,,,,
600882,华联矿业,监管工作函,要求公司加强停复牌管理并及时履行信息披露义务,上市公司,2015/10/20
,,,,,
601003,柳钢股份,监管工作函,要求公司加强停复牌管理并及时履行信息披露义务,上市公司,2015/10/20
,,,,,
600793,ST宜纸,监管工作函,要求公司加强停复牌管理并及时履行信息披露义务,上市公司,2015/10/19
,,,,,
600746,江苏索普,监管工作函,要求公司加强停复牌管理并及时履行信息披露义务,上市公司,2015/10/19
,,,,,
600530,交大昂立,监管工作函,要求公司加强停复牌管理并及时履行信息披露义务,上市公司,2015/10/14
,,,,,
600656,*ST博元,监管工作函,要求公司做好股票暂停上市期间信息披露工作,上市公司,2015/10/14
,,,,,
600247,*ST成城,通报批评,关于对吉林成城集团股份有限公司和有关责任人予以通报批评的决定,董事、高级管理人员,2015/10/13
,,,,,
600656,*ST博元,通报批评,关于对珠海市博元投资股份有限公司股东庄春虹予以通报批评的决定,一般股东,2015/10/13
,,,,,
600243,青海华鼎,监管工作函,要求公司加强停复牌管理并及时履行信息披露义务,上市公司,2015/10/13
,,,,,
600983,惠而浦,监管工作函,要求公司补充披露重大资产重组继续停牌的相关重大信息,上市公司,2015/10/13
,,,,,
600242,*ST中昌,监管工作函,要求公司加强停复牌管理并及时履行信息披露义务,上市公司,2015/10/13
,,,,,
600356,恒丰纸业,监管工作函,要求公司加强停复牌管理并及时履行信息披露义务,上市公司,2015/10/13
,,,,,
600654,中安消,监管工作函,要求公司加强停复牌管理并及时履行信息披露义务,上市公司,2015/10/13
,,,,,
600145,*ST新亿,通报批评,关于对新疆亿路万源实业投资控股股份有限公司和有关责任人予以通报批评的决定,董事、高级管理人员,2015/10/13
,,,,,
600610,中毅达,监管工作函,要求公司加强停复牌管理并及时履行信息披露义务,上市公司,2015/10/12
,,,,,
600866,星湖科技,监管工作函,要求公司加强停复牌管理并及时披露重大资产重组预案,上市公司,2015/10/12
,,,,,
600689,上海三毛,监管工作函,要求公司加强停复牌管理并及时披露重大资产重组预案修订内容,上市公司,2015/10/12
,,,,,
600151,航天机电,监管工作函,要求公司加强停复牌管理并及时履行信息披露义务,上市公司,2015/10/12
,,,,,
600990,四创电子,监管工作函,要求公司加强停复牌管理并及时履行信息披露义务,上市公司,2015/10/12
,,,,,
603686,龙马环卫,监管工作函,要求公司加强停复牌管理并及时履行信息披露义务,上市公司,2015/10/12
,,,,,
600237,铜峰电子,监管工作函,要求公司加强停复牌管理并及时履行信息披露义务,上市公司,2015/10/12
,,,,,
600756,浪潮软件,监管关注,关于对浪潮软件股份有限公司董事会秘书申宝伟予以监管关注的决定,高级管理人员,2015/10/9
,,,,,
600587,新华医疗,监管工作函,要求公司就重组业绩承诺、股东增持承诺及非公开发行股票等事项相关问题履行信息披露义务,上市公司、控股股东及实际控制人,2015/10/9
,,,,,
600749,西藏旅游,通报批评,关于对西藏旅游股份有限公司股东胡波及其一致行动人胡彪予以通报批评的决定,一般股东,2015/10/8
,,,,,
600139,西部资源,监管工作函,要求公司加强停复牌管理并及时履行信息披露义务,上市公司,2015/10/8
,,,,,
600207,安彩高科,监管工作函,要求公司加强停复牌管理并及时披露非公开发行股份预案,上市公司,2015/9/30
,,,,,
600817,ST宏盛,监管工作函,要求公司加强停复牌管理并及时履行信息披露义务,上市公司,2015/9/30
,,,,,
600365,通葡股份,监管工作函,要求公司审慎决策继续延期复牌事项,上市公司,2015/9/30
,,,,,
600817,ST宏盛,通报批评,关于对西安宏盛科技发展股份有限公司和有关责任人予以通报批评的决定,公司、董事、高级管理人员,2015/9/30
,,,,,
600505,西昌电力,监管关注,关于对四川西昌电力股份有限公司第三大股东四川省水电投资经营集团有限公司予以监管关注的决定,一般股东,2015/9/30
,,,,,
601996,丰林集团,通报批评,关于对广西丰林木业集团股份有限公司控股股东丰林国际有限公司予以通报批评的决定,控股股东及实际控制人,2015/9/29
,,,,,
600238,海南椰岛,监管工作函,要求公司加强停复牌管理并及时履行信息披露义务,上市公司,2015/9/28
,,,,,
600365,通葡股份,监管工作函,要求公司加强停复牌管理并及时履行信息披露义务,上市公司,2015/9/28
,,,,,
600610,中毅达,监管工作函,要求公司加强停复牌管理并及时履行信息披露义务,上市公司,2015/9/28
,,,,,
601929,吉视传媒,监管关注,关于对吉视传媒股份有限公司和时任董事会秘书麻卫东予以监管关注的决定,公司、高级管理人员,2015/9/28
,,,,,
600455,博通股份,监管关注,关于对西安博通资讯股份有限公司股东黄永飞等予以监管关注的决定,一般股东,2015/9/28
,,,,,
600281,太化股份,通报批评,关于对太原化工股份有限公司控股股东太原化学工业集团有限公司予以通报批评的决定,控股股东及实际控制人,2015/9/28
,,,,,
600315,上海家化,监管工作函,要求公司加强停复牌管理并及时披露要约收购进展情况,上市公司,2015/9/25
,,,,,
600525,长园集团,监管工作函,要求公司加强停复牌管理并及时履行信息披露义务,上市公司,2015/9/25
,,,,,
600767,运盛医疗,监管工作函,要求公司加强停复牌管理并及时履行信息披露义务,上市公司,2015/9/25
,,,,,
600226,升华拜克,监管工作函,要求公司加强停复牌管理并及时履行信息披露义务,上市公司,2015/9/25
,,,,,
600186,莲花味精,监管工作函,要求公司核实违规披露继续停牌公告的原因并对相关行为进行整改,上市公司,2015/9/25
,,,,,
600696,匹凸匹,监管工作函,要求公司核实投资者投诉事项并按规定履行信息披露义务,上市公司,2015/9/25
,,,,,
600110,中科英华,监管工作函,要求公司加强停复牌管理并及时披露重大资产重组预案,上市公司,2015/9/24
,,,,,
600145,*ST新亿,监管工作函,要求公司和控股股东尽快核实控股股东股权冻结事由并按规定履行信息披露义务,上市公司、控股股东及实际控制人,2015/9/24
,,,,,
600721,百花村,监管工作函,要求公司加强停复牌管理并按规定填报重组交易进程备忘录及内幕信息知情人信息,上市公司,2015/9/23
,,,,,
600401,*ST海润,监管工作函,要求公司加强停复牌管理,上市公司,2015/9/23
,,,,,
600121,郑州煤电,监管工作函,要求公司加强停复牌管理,上市公司,2015/9/22
,,,,,
600072,钢构工程,监管工作函,要求公司加强停复牌管理,上市公司,2015/9/22
,,,,,
600193,创兴资源,监管工作函,要求公司加强停复牌管理,上市公司,2015/9/21
,,,,,
600090,啤酒花,监管工作函,要求公司提交停牌提示性公告并明确由于重组存在不确定性导致的停牌事项,上市公司,2015/9/21
,,,,,
600633,浙报传媒,监管工作函,要求公司加强停复牌管理,上市公司,2015/9/21
,,,,,
600099,林海股份,监管工作函,要求公司加强停复牌管理,上市公司,2015/9/21
,,,,,
600145,*ST新亿,监管工作函,要求公司加强信息披露管理并及时披露控股股东股权被冻结的公告,上市公司,2015/9/21
,,,,,
600759,洲际油气,监管工作函,要求公司加强停复牌管理,上市公司,2015/9/21
,,,,,
600499,科达洁能,监管工作函,要求公司加强停复牌管理并及时披露重大资产重组预案,上市公司,2015/9/18
,,,,,
600568,中珠控股,监管工作函,要求公司加强停复牌管理,上市公司,2015/9/18
,,,,,
600146,商赢环球,监管工作函,要求公司加强停复牌管理,上市公司,2015/9/17
,,,,,
600575,皖江物流,监管工作函,要求公司核实与控股股东签订资产重组协议是否需履行股东会审议程序并及时披露，要求财务顾问出具专项意见,上市公司、中介机构及其相关人员,2015/9/17
,,,,,
600311,荣华实业,监管工作函,要求公司核实全资子公司停产影响与预计停产时间并履行信息披露义务,上市公司,2015/9/17
,,,,,
600785,新华百货,监管工作函,要求公司加强停复牌管理并按规定履行决策程序和信息披露义务,上市公司,2015/9/17
,,,,,
600155,宝硕股份,监管工作函,要求公司加强停复牌管理并及时披露重大资产重组预案,上市公司,2015/9/16
,,,,,
600671,天目药业,监管工作函,要求公司加强停复牌管理并按规定履行决策程序和信息披露义务,上市公司,2015/9/16
,,,,,
600990,四创电子,监管工作函,要求公司加强停复牌管理并及时披露员工持股计划,上市公司,2015/9/16
,,,,,
600634,中技控股,监管工作函,要求公司加强停复牌管理,上市公司,2015/9/16
,,,,,
600212,江泉实业,监管工作函,要求公司加强停复牌管理,上市公司,2015/9/15
,,,,,
600603,大洲兴业,监管工作函,要求公司加强停复牌管理并及时披露员工持股计划,上市公司,2015/9/15
,,,,,
600378,天科股份,监管工作函,要求第一大股东自查向公司提供的重大资产重组内幕信息知情人信息是否充分、完整,一般股东,2015/9/14
,,,,,
600186,莲花味精,监管工作函,要求财务顾问就筹划、终止重大资产重组以及变更为非公开发行事项的合规性提供书面意见,上市公司,2015/9/14
,,,,,
600097,开创国际,监管工作函,要求公司加强停复牌管理并及时履行信息披露义务,上市公司,2015/9/11
,,,,,
600719,大连热电,监管工作函,要求公司加强停复牌管理并按规定履行决策程序和信息披露义务,上市公司,2015/9/11
,,,,,
600886,国投电力,监管工作函,要求公司加强停复牌管理并及时披露非公开发行进展,上市公司,2015/9/11
,,,,,
600186,莲花味精,监管工作函,要求公司就前期筹划重大资产重组的事实和过程进行详细说明并及时披露目前筹划的非公开发行方案,上市公司,2015/9/11
,,,,,
601618,中国中冶,监管工作函,要求公司加强停复牌管理并督促股东尽快明确重大事项,上市公司,2015/9/11
,,,,,
600870,*ST厦华,监管工作函,要求公司加强停复牌管理,上市公司,2015/9/8
,,,,,
600186,莲花味精,监管工作函,要求公司加强停复牌管理,上市公司,2015/9/7
,,,,,
601018,宁波港,监管工作函,要求公司加强停复牌管理并及时履行信息披露义务,上市公司,2015/9/2
,,,,,
600186,莲花味精,监管工作函,要求公司加强停复牌管理并尽快签订重组框架协议,上市公司,2015/9/2
,,,,,
600806,昆明机床,监管工作函,要求公司、控股股东加强停复牌管理并加快推进股权转让工作,上市公司、控股股东及实际控制人,2015/9/2
,,,,,
600798,宁波海运,监管工作函,要求公司及时披露停牌事项进展情况,上市公司,2015/9/2
,,,,,
600823,世茂股份,监管关注,关于对上海世茂股份有限公司副总裁孟洁予以监管关注的决定,高级管理人员,2015/9/1
,,,,,
600378,天科股份,监管工作函,要求董事会、第一大股东、第二大股东做好换届选举工作，要求董事会披露是否将临时提案提交股东大会表决,董事、一般股,2015/9/1
,,,,,
601616,广电电气,监管工作函,要求公司加强停复牌管理并及时披露控股股东股权转让事项的后续进展,上市公司,2015/9/1
,,,,,
600696,匹凸匹,监管工作函,要求公司加强停复牌管理并及时披露员工持股计划,上市公司,2015/8/31
,,,,,
600423,柳化股份,监管工作函,要求公司自查与控股股东及其关联方非经营性资金占用情况并制定整改方案，要求独立董事、监事会及审计机构发表意见,上市公司、董事、监事、中介机构及其相关人员,2015/8/31
,,,,,
600866,星湖科技,监管工作函,要求公司加强停复牌管理,上市公司,2015/8/27
,,,,,
600249,两面针,监管关注,关于对柳州两面针股份有限公司董事莫瑞予以监管关注的决定,董事,2015/8/27
,,,,,
601618,中国中冶,监管工作函,要求公司加强停复牌管理并督促股东尽快明确重大事项,上市公司,2015/8/26
,,,,,
600804,鹏博士,监管工作函,要求公司将参与设立宽带基金事项提交股东大会审议并及时披露执行情况,上市公司,2015/8/26
,,,,,
600277,亿利能源,监管工作函,要求公司加强停复牌管理并尽快完成非公开发行的审计评估工作,上市公司,2015/8/25
,,,,,
600258,首旅酒店,监管工作函,要求公司加强停复牌管理,上市公司,2015/8/24
,,,,,
600595,中孚实业,监管关注,关于对河南中孚实业股份有限公司及有关责任人予以监管关注的决定,公司、董事、高级管理人员,2015/8/24
,,,,,
600738,兰州民百,监管关注,关于对兰州民百(集团)股份有限公司监事毛大波予以监管关注的决定,监事,2015/8/24
,,,,,
601117,中国化学,监管关注,关于对中国化学工程股份有限公司和有关责任人予以监管关注的决定,公司、董事、高级管理人员,2015/8/24
,,,,,
601668,中国建筑,监管关注,关于对中国建筑股份有限公司副总裁李百安予以监管关注的决定,高级管理人员,2015/8/24
,,,,,
600702,沱牌舍得,监管工作函,要求公司核实有关控股股东国有股权转让及增资扩股的媒体报道并补充披露受让方的基本情况、股权转让须履行的程序等,上市公司,2015/8/21
,,,,,
600804,鹏博士,监管工作函,要求公司披露参与设立宽带基金的有关事项,上市公司,2015/8/21
,,,,,
600155,宝硕股份,监管工作函,要求公司加强停复牌管理,上市公司,2015/8/21
,,,,,
600319,亚星化学,监管工作函,要求公司加强停复牌管理并及时披露重大资产重组预案,上市公司,2015/8/19
,,,,,
600656,*ST博元,监管工作函,要求公司按规定编制定期报告并保证信息披露的真实、准确、完整,上市公司,2015/8/19
,,,,,
600873,梅花生物,监管工作函,要求公司尽快确定重大资产重组终止方案，要求董事会说明在审议及披露重组方案时是否勤勉尽责，要求独立董事和财务顾问出具专项意见,上市公司、董事、中介机构及其相关人员,2015/8/19
,,,,,
600238,海南椰岛,监管工作函,要求公司核实有关质疑产品质量的媒体报道并分阶段披露涉事产品检测进展情况,上市公司,2015/8/18
,,,,,
600094,大名城,监管工作函,要求公司补充披露对外投资的有关事项,上市公司,2015/8/17
,,,,,
600742,一汽富维,监管工作函,要求公司核实2015年度日常关联交易的实施情况并按要求及时履行审议程序和披露义务,上市公司,2015/8/17
,,,,,
600785,新华百货,通报批评,关于对银川新华百货商业集团股份有限公司股东上海宝银创赢投资管理有限公司予以通报批评的决定,一般股东,2015/8/13
,,,,,
600167,联美控股,监管工作函,要求公司加强停复牌管理并及时披露重组工作进展,上市公司,2015/8/12
,,,,,
600785,新华百货,监管工作函,要求公司补充披露有关股东提案的具体内容,上市公司,2015/8/12
,,,,,
600393,东华实业,监管关注,关于对广州东华实业股份有限公司控股股东广州粤泰集团有限公司和公司董事会秘书蔡锦鹭予以监管关注的决定,控股股东及实际控制人、高级管理人员,2015/8/10
,,,,,
600637,东方明珠,监管工作函,要求公司核实董秘被采访事宜的媒体报道,上市公司,2015/8/7
,,,,,
600745,中茵股份,监管工作函,要求公司加强停复牌管理,上市公司,2015/8/7
,,,,,
600122,宏图高科,监管工作函,要求公司加强停复牌管理,上市公司,2015/8/5
,,,,,
600137,浪莎股份,监管关注,关于对四川浪莎控股股份有限公司及相关责任人予以监管关注的决定,上市上市公司、董事、高级管理人员,2015/8/3
,,,,,
600260,凯乐科技,监管工作函,要求公司加强停复牌管理,上市公司,2015/7/31
,,,,,
600869,智慧能源,监管工作函,要求公司及财务顾问尽快补充完善并披露重大资产重组报告书,上市公司、中介机构及其相关人员,2015/7/28
,,,,,
600423,柳化股份,通报批评,关于对柳州化工股份有限公司控股股东柳州化学工业集团有限公司予以通报批评的决定,控股股东及实际控制人,2015/7/28
,,,,,
600145,*ST国创,监管工作函,要求公司及时更正并披露定期报告,上市公司,2015/7/27
,,,,,
600408,*ST安泰,监管关注,关于对山西安泰集团股份有限公司独立董事李福林、白玉祥、张泽宇、罗滋、李挺和裴正予以监管关注的决定,董事,2015/7/27
,,,,,
600094,大名城,监管工作函,要求公司及时披露有关一致行动人的更正公告,上市公司,2015/7/27
,,,,,
600634,中技控股,监管工作函,要求公司及时披露重大资产重组的进展情况并提示风险,上市公司,2015/7/27
,,,,,
601901,方正证券,监管工作函,要求公司加强信息披露管理并严格履行信息披露义务,上市公司,2015/7/27
,,,,,
600643,爱建股份,监管工作函,要求公司加强停复牌管理,上市公司,2015/7/27
,,,,,
600137,浪莎股份,通报批评,关于对四川浪莎控股股份有限公司财务负责人周宗琴予以通报批评的决定,高级管理人员,2015/7/27
,,,,,
600399,抚顺特钢,通报批评,关于对抚顺特殊钢股份有限公司股东东北特殊钢集团有限责任公司予以通报批评的决定,控股股东及实际控制人,2015/7/24
,,,,,
600408,*ST安泰,通报批评,关于对山西安泰集团股份有限公司及其实际控制人李安民、关联方山西新泰钢铁有限公司和相关责任人予以纪律处分的决定,董事、高级管理人员,2015/7/24
,,,,,
600408,*ST安泰,公开谴责,关于对山西安泰集团股份有限公司及其实际控制人李安民、关联方山西新泰钢铁有限公司和相关责任人予以纪律处分的决定,上市公司、控股股东及实际控制人、董事、高级管理人员、其他,2015/7/24
,,,,,
600749,西藏旅游,监管工作函,要求公司及相关股东就股东权益变动报告书有关事项进行补充说明并披露,上市公司、一般股东,2015/7/24
,,,,,
600369,西南证券,监管关注,关于对西南证券股份有限公司股东重庆渝富资产经营管理集团有限公司予以监管关注的决定,一般股东,2015/7/24
,,,,,
600379,宝光股份,通报批评,关于对陕西宝光真空电器股份有限公司及董事长杨天夫予以通报批评的决定,上市公司、董事,2015/7/22
,,,,,
600099,林海股份,监管工作函,要求公司加强停复牌管理并按规定召开投资者说明会,上市公司,2015/7/21
,,,,,
600890,中房股份,监管工作函,要求公司加强停复牌管理,上市公司,2015/7/15
,,,,,
600806,昆明机床,监管关注,关于对沈机集团昆明机床股份有限公司及有关责任人予以监管关注的决定,上市公司、董事、高级管理人员,2015/7/14
,,,,,
600095,哈高科,监管关注,关于对哈尔滨高科技(集团)股份有限公司和有关责任人予以监管关注的决定,上市公司、董事、高级管理人员,2015/7/14
,,,,,
600760,中航黑豹,监管关注,关于对中航黑豹股份有限公司股东金城集团有限公司和中航投资控股有限公司予以监管关注的决定,一般股东,2015/7/14
,,,,,
600829,人民同泰,通报批评,关于对哈药集团人民同泰股份有限公司及有关责任人予以通报批评的决定,上市公司、董事、高级管理人员,2015/7/12
,,,,,
600821,津劝业,限制交易,关于对天津劝业场（集团）股份有限公司股东天津中商联控股有限公司予以限制证券账户交易的决定,一般股东,2015/7/10
,,,,,
600696,多伦股份,监管工作函,要求公司规范公告语言并充分提示风险,上市公司,2015/7/8
,,,,,
600696,多伦股份,监管工作函,要求公司及时披露变更证券简称相关公告,上市公司,2015/7/7
,,,,,
600331,宏达股份,监管关注,关于对四川宏达股份有限公司及其有关责任人予以监管关注的决定,上市公司、董事、高级管理人员,2015/7/7
,,,,,
600520,中发科技,监管关注,关于对铜陵中发三佳科技股份有限公司股东江玉明予以监管关注的决定,一般股东,2015/7/7
,,,,,
600587,新华医疗,监管关注,关于对山东新华医疗器械股份有限公司和有关责任人予以监管关注的决定,上市公司、高级管理人员,2015/7/7
,,,,,
600776,东方通信,监管关注,关于对东方通信股份有限公司股东普天东方通信集团有限公司予以监管关注的决定,一般股东,2015/7/7
,,,,,
600152,维科精华,监管关注,关于对宁波工业投资集团有限公司、宁波市工业投资有限责任公司予以监管关注的决定,一般股东,2015/7/7
,,,,,
600243,青海华鼎,通报批评,关于对青海华鼎实业股份有限公司股东沈付兴予以通报批评的决定,一般股东,2015/7/7
,,,,,
601777,力帆股份,通报批评,关于对力帆实业（集团）股份有限公司副总裁郝廷木予以通报批评的决定,高级管理人员,2015/7/6
,,,,,
600521,华海药业,通报批评,关于对浙江华海药业股份有限公司副总经理王飚予以通报批评的决定,高级管理人员,2015/7/6
,,,,,
600423,柳化股份,通报批评,关于对柳州化工股份有限公司及其直接控股股东、间接控股股东和有关责任人予以通报批评的决定,上市公司、董事、高级管理人员、控股股东及实际控制人,2015/7/6
,,,,,
600653,申华控股,监管工作函,要求公司加强信息披露管理,上市公司,2015/7/2
,,,,,
600767,运盛医疗,监管工作函,要求公司加强停复牌管理,上市公司、董事,2015/7/1
,,,,,
600587,新华医疗,监管工作函,要求公司加强停复牌管理并做好信息披露有关工作，要求董事会和控股股东提交非公开发行相关书面说明,上市公司、董事、控股股东及实际控制人,2015/6/30
,,,,,
601766,中国中车,监管工作函,要求公司核实有关收购的媒体报道并及时披露澄清公告,上市公司,2015/6/26
,,,,,
600275,武昌鱼,监管工作函,要求公司、全体董事和控股股东尽快解决资金占用问题,上市公司、董事、控股股东及实际控制人,2015/6/25
,,,,,
601989,中国重工,监管工作函,要求公司加强停复牌管理,上市公司,2015/6/24
,,,,,
600793,ST宜纸,监管工作函,要求公司、控股股东以及实际控制人严格履行澄清公告中承诺并加强停复牌管理,上市公司、控股股东及实际控制人,2015/6/23
,,,,,
600145,*ST国创,监管工作函,要求公司加强停复牌管理及时披露重组进展，要求公司、控股股东和实际控制人自查是否筹划其他重大事项,上市公司、控股股东及实际控制人,2015/6/19
,,,,,
600100,同方股份,监管工作函,要求公司核实相关重大事项是否应当履行审议程序和披露义务,上市公司,2015/6/18
,,,,,
600614,鼎立股份,监管工作函,要求公司及时批露延期复牌公告,上市公司,2015/6/16
,,,,,
600696,多伦股份,监管工作函,要求公司核实有关收到证监会调查通知书的事项并及时披露,上市公司,2015/6/16
,,,,,
600791,京能置业,监管关注,关于对京能置业股份有限公司独立董事宋常予以监管关注的决定,董事,2015/6/15
,,,,,
600693,东百集团,监管关注,关于对福建东百集团股份有限公司及有关责任人予以监管关注的决定,上市公司、董事、高级管理人员,2015/6/15
,,,,,
600212,江泉实业,监管工作函,要求公司及时披露有关停产事项,上市公司,2015/6/15
,,,,,
600234,山水文化,监管工作函,要求公司股东及时提交相关内幕知情人信息,一般股东,2015/6/11
,,,,,
600053,中江地产,监管工作函,要求公司及收购人做好要约收购相关工作,上市公司、其他,2015/6/10
,,,,,
600201,金宇集团,监管关注,关于对内蒙古金宇集团股份有限公司和有关责任人予以监管关注的决定,上市公司、董事、高级管理人员,2015/6/1
,,,,,
600281,太化股份,监管关注,关于对太原化工股份有限公司和有关责任人员予以监管关注的决定,上市公司、董事、高级管理人员,2015/6/1
,,,,,
600083,博信股份,监管工作函,要求公司加强停复牌管理,上市公司,2015/5/28
,,,,,
600053,中江地产,监管工作函,要求公司加强停复牌管理并督促收购人严格履行信息披露义务,上市公司,2015/5/28
,,,,,
600525,长园集团,监管关注,关于对长园集团股份有限公司股东中国对外经济贸易信托有限公司及相关一致行动人予以监管关注的决定,一般股东,2015/5/28
,,,,,
600546,山煤国际,监管关注,关于对山煤国际能源集团股份有限公司及其有关责任人予以监管关注的决定,上市公司、董事、高级管理人员,2015/5/27
,,,,,
600547,山东黄金,监管工作函,要求公司及出席股东大会的律师对股东大会表决结果进行合规性确认并及时披露,上市公司、中介机构及其相关人员,2015/5/25
,,,,,
600895,张江高科,监管工作函,要求公司核实有关未来发展计划和具体转型措施的媒体报道并及时履行信息披露义务,上市公司,2015/5/25
,,,,,
601808,中海油服,监管工作函,要求公司加强信息披露管理并积极配合监管工作,上市公司,2015/5/22
,,,,,
600031,三一重工,监管工作函,要求公司加强敏感信息保密工作并完善信息披露管理,上市公司,2015/5/22
,,,,,
600479,千金药业,监管关注,关于对株洲千金药业股份有限公司董事长江端预、董事会秘书谢爱维予以监管关注的决定,董事、高级管理人员,2015/5/20
,,,,,
600803,新奥股份,监管关注,关于对新奥生态控股股份有限公司股东深圳市平安创新资本投资有限公司予以监管关注的决定,一般股东,2015/5/20
,,,,,
600671,天目药业,监管工作函,要求公司、董事会、相关股东及中介机构补充说明并披露有关董事会换届选举事项,上市公司、董事、一般股东、中介结构及其相关人员,2015/5/20
,,,,,
600129,太极集团,监管关注,关于对重庆太极实业（集团）股份有限公司、太极集团有限公司和有关责任人予以监管关注的决定,上市公司、控股股东及实际控制人、董事、高级管理人员,2015/5/19
,,,,,
600812,华北制药,监管关注,关于对华北制药股份有限公司和有关责任人予以监管关注的决定,上市公司、董事、高级管理人员,2015/5/14
,,,,,
600962,*ST中鲁,监管工作函,要求公司及董事会加强停复牌管理,上市公司、董事,2015/5/13
,,,,,
600765,中航重机,监管工作函,要求公司补充披露继续停牌的理由,上市公司,2015/5/12
,,,,,
600656,*ST博元,监管工作函,要求股东披露减持原因并及时履行权益变动披露义务,一般股东,2015/5/8
,,,,,
600696,多伦股份,监管工作函,要求公司补充披露与公司更名相关的信息,上市公司,2015/5/8
,,,,,
601519,大智慧,监管工作函,要求公司核实立案稽查是否涉及暂停或终止上市并及时进行风险提示,上市公司,2015/5/8
,,,,,
600759,洲际油气,监管关注,关于对洲际油气股份有限公司和董事会秘书樊辉予以监管关注的决定,上市公司、高级管理人员,2015/5/6
,,,,,
600647,同达创业,监管关注,关于对上海同达创业投资股份有限公司和董事会秘书薛玉宝予以监管关注的决定,上市公司、高级管理人员,2015/5/4
,,,,,
600067,冠城大通,监管关注,关于对冠城大通股份有限公司控股股东、可转换公司债券持有人福建丰榕投资有限公司予以监管关注的决定,控股股东及实际控制人,2015/5/4
,,,,,
600656,*ST博元,监管工作函,要求公司及时回复年报相关事项的问询函,上市公司,2015/4/30
,,,,,
600750,江中药业,规范运作建议书,要求公司尽快解决资金占用并加强规范运作,上市公司,2015/4/29
,,,,,
600310,桂东电力,监管关注,关于对广西桂东电力股份有限公司监事莫运忠、岑晓明予以监管关注的决定,监事,2015/4/29
,,,,,
600747,大连控股,监管关注,关于对大连大显控股股份有限公司有关责任人予以监管关注的决定,董事,2015/4/28
,,,,,
600696,多伦股份,监管关注,关于暂停上海多伦实业股份有限公司适用信息披露直通车业务的决定,上市公司,2015/4/28
,,,,,
600212,江泉实业,监管关注,关于对山东江泉实业股份有限公司及有关责任人、独立财务顾问项目主办人予以监管关注的决定,上市公司、董事、高级管理人员、中介机构及其相关人员,2015/4/28
,,,,,
601901,方正证券,监管工作函,要求公司和全体董事确保按期披露2014年年报,上市公司、董事,2015/4/28
,,,,,
600696,多伦股份,通报批评,关于对上海多伦实业股份有限公司及公司实际控制人、公司董事长兼董事会秘书鲜言予以纪律处分的决定,上市公司,2015/4/27
,,,,,
600696,多伦股份,公开谴责,关于对上海多伦实业股份有限公司及公司实际控制人、公司董事长兼董事会秘书鲜言予以纪律处分的决定,控股股东及实际控制人、董事、高级管理人员,2015/4/27
,,,,,
600747,大连控股,通报批评,关于对大连大显控股股份有限公司及有关责任人予以纪律处分的决定,董事、高级管理人员,2015/4/27
,,,,,
600747,大连控股,公开谴责,关于对大连大显控股股份有限公司及有关责任人予以纪律处分的决定,上市公司、董事,2015/4/27
,,,,,
600212,江泉实业,通报批评,关于对山东江泉实业股份有限公司重大资产重组交易对方上海新北股权投资基金合伙企业和毛芳亮予以通报批评的决定,其他,2015/4/27
,,,,,
600681,万鸿集团,监管工作函,要求公司加强停复牌管理并及时披露有关非公开发行事项相关情况，要求独立董事及财务顾问出具专项意见,上市公司、董事、中介机构及其相关人员,2015/4/24
,,,,,
600261,阳光照明,通报批评,关于对浙江阳光照明电器集团股份有限公司监事陈志刚予以通报批评的决定,监事,2015/4/23
,,,,,
600401,海润光伏,通报批评,关于对海润光伏科技股份有限公司股东、董事长兼总经理YANGHUAIJIN（杨怀进）、股东江阴市九润管业有限公司、江苏紫金电子集团有限公司及有关责任人予以纪律处分的决定,一般股东、董事,2015/4/23
,,,,,
600401,海润光伏,公开谴责,关于对海润光伏科技股份有限公司股东、董事长兼总经理YANGHUAIJIN（杨怀进）、股东江阴市九润管业有限公司、江苏紫金电子集团有限公司及有关责任人予以纪律处分的决定,一般股东、董事、高级管理人员,2015/4/23
,,,,,
600806,昆明机床,监管工作函,要求公司按要求补充披露重组框架等相关事项,上市公司,2015/4/17
,,,,,
600196,复星医药,规范运作建议书,要求公司加强停复牌管理,上市公司,2015/4/15
,,,,,
600380,健康元,监管工作函,要求公司核实重大资产重组内幕信息知情人名单是否填报完整,上市公司,2015/4/14
,,,,,
600753,东方银星,监管工作函,要求公司督促股东及时履行信息披露义务,上市公司,2015/4/13
,,,,,
600624,复旦复华,监管关注,关于对上海复旦复华科技股份有限公司和董事兼总经理蒋国兴予以监管关注的决定,上市公司、董事、高级管理人员,2015/4/13
,,,,,
600379,宝光股份,监管工作函,要求公司核实并披露有关重组终止事项，要求独立董事和财务顾问出具专项意见,上市公司、董事、中介机构及其相关人员,2015/4/10
,,,,,
600759,洲际油气,规范运作建议书,要求中介机构及其相关人员按照重组相关规定做好独立顾问工作,中介机构及其相关人员,2015/4/8
,,,,,
600806,昆明机床,监管关注,关于对云南省工业投资控股集团有限责任公司予以监管关注的决定,一般股东,2015/4/8
,,,,,
600691,阳煤化工,监管工作函,要求董事会和财务顾问对大股东盈利补偿方式提议的出具专项意见并披露,上市公司、董事、中介机构及其相关人员,2015/4/3
,,,,,
600380,健康元,监管工作函,要求公司加强停复牌管理并尽快向相关股东确认并披露是否进行重大事项,上市公司,2015/4/2
,,,,,
600303,曙光股份,监管关注,关于对辽宁曙光汽车集团股份有限公司及有关责任人予以监管关注的决定,上市公司、董事、高级管理人员,2015/4/1
,,,,,
600525,长园集团,监管关注,关于对长园集团股份有限公司股东上海复星高科技（集团）有限公司予以监管关注的决定,一般股东,2015/4/1
,,,,,
600894,广日股份,监管工作函,要求公司加强停复牌管理并及时披露筹划重大事项的相关信息,上市公司,2015/3/31
,,,,,
600399,抚顺特钢,监管工作函,要求公司提供内幕信息知情人名单,上市公司,2015/3/31
,,,,,
600599,熊猫烟花,监管工作函,要求公司及时补充披露与公司更名相关的重大信息,上市公司,2015/3/30
,,,,,
601238,广汽集团,监管工作函,要求公司提高信息披露业务办理水平并加强信息披露事务管理,上市公司,2015/3/27
,,,,,
600490,鹏欣资源,监管工作函,要求公司核实非公开发行事项是否构成重大资产重组,上市公司,2015/3/27
,,,,,
600401,海润光伏,监管工作函,要求公司加强停复牌管理,上市公司,2015/3/27
,,,,,
600656,博元投资,监管工作函,要求公司做好被立案稽查后相关信息披露工作并暂停公司的信息直通车公告业务,上市公司,2015/3/27
,,,,,
600490,鹏欣资源,规范运作建议书,要求公司加强停复牌管理,上市公司,2015/3/26
,,,,,
601268,*ST二重,监管工作函,督促公司及全体董监高进一步做好退市工作,上市公司、董事、监事、高级管理人员,2015/3/25
,,,,,
600269,赣粤高速,监管工作函,要求公司说明并披露资金占用相关情况并采取措施尽快消除控股股东非经营性资金占用情形,上市公司,2015/3/19
,,,,,
601727,上海电气,监管关注,关于对上海电气集团股份有限公司董事长黄迪南予以监管关注的决定,董事,2015/3/13
,,,,,
600332,白云山,监管关注,关于对广州白云山医药集团股份有限公司及其控股股东和有关责任人员予以监管关注的决定,上市公司、控股股东及实际控制人、董事、高级管理人员,2015/3/13
,,,,,
600696,多伦股份,监管工作函,要求公司及时披露相关股权转让协议的履行结果,上市公司,2015/3/13
,,,,,
600962,国投中鲁,监管工作函,督促公司尽快确定重大资产重组方案,上市公司,2015/3/12
,,,,,
600247,*ST成城,监管工作函,要求公司尽快核实年报中的虚假记载事项并及时进行更正并披露,上市公司,2015/3/4
,,,,,
601268,*ST二重,监管工作函,要求公司及实际控制人关注要约收购及和投资者合理诉求的舆情,上市公司、控股股东及实际控制人,2015/3/3
,,,,,
601268,*ST二重,监管工作函,要求公司和全体董事及时履行要约收购相关信息披露义务,上市公司、董事,2015/3/3
,,,,,
600234,山水文化,监管关注,关于对山西广和山水文化传播股份有限公司独立董事、董事会秘书及财务顾问主办人予以监管关注的决定,董事、高级管理人员、中介机构及其相关人员,2015/3/2
,,,,,
600234,山水文化,通报批评,关于对山西广和山水文化传播股份有限公司及有关责任人予以通报批评的决定,上市公司、董事,2015/2/26
,,,,,
600189,吉林森工,监管工作函,要求公司加强停复牌管理,上市公司,2015/2/25
,,,,,
600291,西水股份,监管关注,关于对内蒙古西水创业股份有限公司和有关责任人予以监管关注的决定,上市公司、董事、高级管理人员,2015/2/17
,,,,,
600970,中材国际,监管工作函,要求公司针对未按规定进行异常波动相关事项承诺加强规范运作,上市公司,2015/2/17
,,,,,
600177,雅戈尔,监管关注,关于对雅戈尔集团股份有限公司和有关责任人予以监管关注的决定,上市公司、高级管理人员,2015/2/16
,,,,,
600726,华电能源,监管关注,关于对华电能源股份有限公司和有关责任人予以监管关注的决定,上市公司、高级管理人员,2015/2/16
,,,,,
600749,西藏旅游,监管工作函,要求公司加强停复牌管理并及时披露重组进展及后续计划,上市公司,2015/2/12
,,,,,
600638,新黄浦,监管工作函,要求公司及时披露董事会和监事会决议,上市公司,2015/2/12
,,,,,
600822,上海物贸,监管工作函,要求公司核实并及时披露应更正或补充的重大信息,上市公司,2015/2/11
,,,,,
600610,*ST中毅,监管工作函,要求公司核实并披露相关交易是否构成重大资产重组,上市公司,2015/2/11
,,,,,
600290,华仪电气,监管关注,关于对华仪电气股份有限公司和董事会秘书张传晕予以监管关注的决定,上市公司、高级管理人员,2015/2/10
,,,,,
600671,天目药业,监管工作函,要求公司及相关股东及时履行权益变动相关信息披露义务,上市公司、控股股东及实际控制人,2015/2/6
,,,,,
600291,西水股份,监管工作函,要求公司核实未按规定进行异常波动相关事项承诺的原因,上市公司,2015/2/5
,,,,,
600599,熊猫金控,监管关注,关于对熊猫烟花集团股份有限公司和董事会秘书黄叶璞予以监管关注的决定,上市公司、高级管理人员,2015/2/5
,,,,,
601028,玉龙股份,监管关注,关于对江苏玉龙钢管股份有限公司实际控制人唐维君和唐柯君予以监管关注的决定,控股股东及实际控制人,2015/2/5
,,,,,
601268,*ST二重,监管工作函,要求公司及董事会和监事会对计提减值准备履行必要内部程序并在年报中进行披露,上市公司、董事、监事,2015/2/4
,,,,,
600800,梅花生物,监管关注,关于对梅花生物科技集团股份有限公司和董事会秘书予以监管关注的决定,上市公司、高级管理人员,2015/2/2
,,,,,
600401,海润光伏,监管工作函,要求公司及监事会、独立董事核实并披露2014年度业绩预亏有关事项,上市公司、董事、监事,2015/2/2
,,,,,
600732,上海新梅,监管工作函,要求公司尽快聘任财务审计机构并及时披露,上市公司,2015/2/2
,,,,,
601998,中信银行,监管关注,关于对中信银行股份有限公司予以监管关注的决定,上市公司,2015/1/30
,,,,,
600639,浦东金桥,监管工作函,要求公司及董事会和监事会遵守换届选举有关规定,上市公司、董事、监事,2015/1/30
,,,,,
600141,兴发集团,监管关注,关于对湖北兴发化工集团股份有限公司控股股东宜昌兴发集团有限公司予以监管关注的决定,控股股东及实际控制人（含一致行动人）,2015/1/27
,,,,,
600844,丹化科技,监管关注,关于对丹化化工科技股份有限公司股东董荣亭予以监管关注的决定,一般股东,2015/1/27
,,,,,
601268,*ST二重,监管工作函,要求公司及董监高核实债务重组或资产重组传闻并加强公司信息披露内部管理,上市公司、董事、监事、高级管理人员,2015/1/23
,,,,,
600656,博元投资,监管工作函,要求公司核实会计师被立案稽查的相关情况及其对公司的影响,上市公司,2015/1/21
,,,,,
600747,大连控股,监管工作函,要求公司补充披露收购资产事项并充分提示风险,上市公司,2015/1/16
,,,,,
601766,中国南车,监管工作函,要求公司核实董监高股票交易是否违规并及时澄清说明,上市公司,2015/1/9
,,,,,
601299,中国北车,监管工作函,要求公司核实董监高股票交易是否违规并及时澄清说明,上市公司,2015/1/9
,,,,,
600076,青鸟光华,监管工作函,要求公司核实有关证监会处罚的媒体报道并及时澄清说明,上市公司,2015/1/8
,,,,,
600871,*ST仪化,监管工作函,要求公司及时披露业绩预告并充分揭示风险,上市公司,2015/1/6
,,,,,
601268,*ST二重,监管工作函,要求公司及时披露业绩预告并充分揭示风险,上市公司,2015/1/6
,,,,,
601558,*ST锐电,监管工作函,要求公司及时披露业绩预告并充分揭示风险,上市公司,2015/1/6
,,,,,
600228,*ST昌九,监管工作函,要求公司及时披露业绩预告并充分揭示风险,上市公司,2015/1/6
,,,,,
900951,*ST大化B,监管工作函,要求公司及时披露业绩预告并充分揭示风险,上市公司,2015/1/6
,,,,,
600306,*ST商城,监管工作函,要求公司及时披露业绩预告并充分揭示风险,上市公司,2015/1/6
,,,,,
600178,*ST东安,监管工作函,要求公司及时披露业绩预告并充分揭示风险,上市公司,2015/1/6
,,,,,
600689,*ST三毛,监管工作函,要求公司及时披露业绩预告并充分揭示风险,上市公司,2015/1/6
,,,,,
600381,*ST贤成,监管工作函,要求公司及时披露业绩预告并充分揭示风险,上市公司,2015/1/6
,,,,,
600860,*ST京城,监管工作函,要求公司及时披露业绩预告并充分揭示风险,上市公司,2015/1/6
,,,,,
600247,*ST成城,监管工作函,要求公司及时披露业绩预告并充分揭示风险,上市公司,2015/1/6
,,,,,
600282,*ST南钢,监管工作函,要求公司及时披露业绩预告并充分揭示风险,上市公司,2015/1/6
,,,,,
600550,*ST天威,监管工作函,要求公司及时披露业绩预告并充分揭示风险,上市公司,2015/1/6
,,,,,
600075,*ST新业,监管工作函,要求公司及时披露业绩预告并充分揭示风险,上市公司,2015/1/6
,,,,,
600610,*ST中纺,监管工作函,要求公司及时披露业绩预告并充分揭示风险,上市公司,2015/1/6
,,,,,
600299,*ST新材,监管工作函,要求公司及时披露业绩预告并充分揭示风险,上市公司,2015/1/6
,,,,,
600145,*ST国创,监管工作函,要求公司及时披露业绩预告并充分揭示风险，要求公司董事会审慎评估公司2014年度财务会计报告被出具否定意见或无法表示意见审计报告的可能性,上市公司、董事,2015/1/6
,,,,,
600598,*ST大荒,监管工作函,要求公司及时披露业绩预告并充分揭示风险,上市公司,2015/1/6
,,,,,
600072,*ST钢构,监管工作函,要求公司及时披露业绩预告并充分揭示风险,上市公司,2015/1/6
,,,,,
600800,天津磁卡,通报批评,关于对天津环球磁卡股份有限公司及有关责任人予以纪律处分的决定,董事、监事、高级管理人员,2014/12/23
,,,,,
600800,天津磁卡,公开谴责,关于对天津环球磁卡股份有限公司及有关责任人予以纪律处分的决定,上市公司、董事、高级管理人员,2014/12/23
,,,,,
600671,天目药业,监管关注,关于对杭州天目山药业股份有限公司股东杭州现代联合投资有限公司予以监管关注的决定,一般股东,2014/12/16
,,,,,
600370,三房巷,监管关注,关于对江苏三房巷实业股份有限公司和有关责任人员予以监管关注的决定,上市公司、董事、高级管理人员,2014/12/16
,,,,,
600741,华域汽车,监管关注,关于对华域汽车系统股份有限公司副总经理荀逸中予以监管关注的决定,高级管理人员,2014/12/1
,,,,,
600698,湖南天雁,监管关注,关于对湖南天雁机械股份有限公司董事长连刚予以监管关注的决定,董事,2014/12/1
,,,,,
600966,博汇纸业,通报批评,关于对山东博汇纸业股份有限公司、山东天源热电有限公司、江苏丰源热电有限公司及有关责任人予以纪律处分的决定,董事,2014/12/1
,,,,,
600966,博汇纸业,公开谴责,关于对山东博汇纸业股份有限公司、山东天源热电有限公司、江苏丰源热电有限公司及有关责任人予以纪律处分的决定,上市公司、董事、高级管理人员、其他,2014/12/1
,,,,,
600698/900946,湖南天雁/天雁B股,通报批评,关于对湖南天雁机械股份有限公司及有关责任人予以通报批评的决定,上市公司、高级管理人员,2014/11/27
,,,,,
600599,熊猫金控,监管关注,关于对熊猫烟花集团股份有限公司股东东营国际金融贸易港有限公司予以监管关注的决定,一般股东,2014/11/26
,,,,,
600255,鑫科材料,监管关注,关于对安徽鑫科新材料股份有限公司和董事会秘书庄明福予以监管关注的决定,上市公司、高级管理人员,2014/11/25
,,,,,
600671,天目药业,监管关注,关于对杭州天目山药业股份有限公司和有关责任人员予以监管关注的决定,上市公司、董事、高级管理人员,2014/11/19
,,,,,
600077,宋都股份,监管关注,关于对宋都基业投资股份有限公司股东深圳市平安置业投资有限公司予以监管关注的决定,一般股东,2014/11/19
,,,,,
600129,太极集团,监管关注,关于对重庆太极实业（集团）股份有限公司和董事蔡建军予以监管关注的决定,上市公司、董事、高级管理人员,2014/11/17
,,,,,
600598,北大荒,监管关注,关于对黑龙江北大荒农业股份有限公司董事长刘长友及总经理贺天元予以监管关注的决定,董事、高级管理人员,2014/11/17
,,,,,
601268,*ST二重,监管关注,关于对二重集团（德阳）重型装备股份有限公司董事长杨建辉予以监管关注的决定,董事,2014/11/12
,,,,,
601268,*ST二重,通报批评,关于对二重集团（德阳）重型装备股份有限公司予以通报批评的决定,上市公司,2014/11/10
,,,,,
600382,广东明珠,通报批评,关于对广东明珠集团股份有限公司时任独立董事周灿鸿予以通报批评的决定,董事,2014/11/5
,,,,,
600250,南纺股份,通报批评,关于对南京纺织品进出口股份有限公司及有关责任人予以通报批评的决定,上市公司、董事、高级管理人员,2014/11/4
,,,,,
600307,酒钢宏兴,通报批评,关于对甘肃酒钢集团宏兴钢铁股份有限公司股东民生加银基金管理有限公司予以通报批评的决定,一般股东,2014/11/4
,,,,,
600234,山水文化,通报批评,关于对山西广和山水文化传播股份有限公司实际控制人黄国忠予以通报批评的决定,控股股东及实际控制人,2014/11/4
,,,,,
600117,西宁特钢,通报批评,关于对西宁特殊钢股份有限公司及有关责任人予以通报批评的决定,上市公司、董事,2014/10/28
,,,,,
600598,北大荒,通报批评,关于对黑龙江北大荒农业股份有限公司及有关责任人予以通报批评的决定,上市公司、高级管理人员,2014/10/28
,,,,,
600656,博元投资,监管关注,关于对珠海市博元投资股份有限公司和董事长余蒂妮等予以监管关注的决定,上市公司、董事、高级管理人员,2014/10/27
,,,,,
600531,豫光金铅,监管关注,关于对河南豫光金铅股份有限公司和有关责任人予以监管关注的决定,上市公司、董事、高级管理人员,2014/10/24
,,,,,
600671,天目药业,通报批评,关于对杭州天目山药业股份有限公司及有关责任人予以通报批评的决定,上市公司、董事、高级管理人员,2014/10/17
,,,,,
600189,吉林森工,监管关注,关于对吉林森林工业股份有限公司控股股东中国吉林森林工业集团有限公司予以监管关注的决定,控股股东及实际控制人,2014/10/16
,,,,,
601311,骆驼股份,监管关注,关于对骆驼集团股份有限公司董事路明占予以监管关注的决定,董事,2014/10/9
,,,,,
600275,武昌鱼,监管关注,关于对湖北武昌鱼股份有限公司予以监管关注的决定,上市公司,2014/10/9
,,,,,
600686,金龙汽车,监管关注,关于对厦门金龙汽车集团股份有限公司和董事会秘书唐祝敏、财务总监乔红军予以监管关注的决定,上市公司、高级管理人员,2014/9/26
,,,,,
600818,中路股份,监管关注,关于对中路股份有限公司和董事会秘书袁志坚予以监管关注的决定,上市公司、董事、高级管理人员,2014/9/26
,,,,,
600792,云煤能源,监管关注,关于对云南煤业能源股份有限公司及相关责任人予以监管关注的决定,上市公司、高级管理人员、董事,2014/9/23
,,,,,
600561,江西长运,监管关注,关于对江西长运股份有限公司监事苏月红予以监管关注的决定,监事,2014/9/15
,,,,,
600119,长江投资,监管关注,关于对长发集团长江投资实业股份有限公司股东武汉经济发展投资（集团）有限公司予以监管关注的决定,一般股东,2014/9/1
,,,,,
600158,中体产业,监管关注,关于对中体产业集团股份有限公司控股股东国家体育总局体育基金管理中心予以监管关注的决定,控股股东及实际控制人,2014/9/1
,,,,,
600747,大连控股,监管关注,关于对大连大显控股股份有限公司和有关责任人予以监管关注的决定,上市公司、董事、高级管理人员,2014/8/15
,,,,,
601928,凤凰传媒,监管关注,关于对江苏凤凰出版传媒股份有限公司和董事长陈海燕、董事会秘书徐云祥予以监管关注的决定,上市公司、董事、高级管理人员,2014/8/15
,,,,,
600599,熊猫金控,监管关注,关于对熊猫烟花集团股份有限公司和董事会秘书黄叶璞予以监管关注的决定,上市公司、高级管理人员,2014/8/15
,,,,,
600146,大元股份,监管关注,关于对宁夏大元化工股份有限公司实际控制人杨军及其一致行动人上海易同科技股份有限公司予以监管关注的决定,控股股东及实际控制人,2014/8/11
,,,,,
600551,时代出版,监管关注,关于对时代出版传媒股份有限公司和董事会秘书刘红予以监管关注的决定,上市公司、高级管理人员,2014/8/11
,,,,,
601003,柳钢股份,监管关注,关于对柳州钢铁股份有限公司和董事会秘书班俊超予以监管关注的决定,上市公司、高级管理人员,2014/8/11
,,,,,
600293,三峡新材,公开认定,关于对湖北三峡新型建材股份有限公司及有关责任人予以公开谴责并公开认定不适合担任上市公司董事、监事和高级管理人员的决定,董事、高级管理人员,2014/8/7
,,,,,
600368,五洲交通,公开谴责,关于对广西五洲交通股份有限公司及有关责任人予以公开谴责的决定,上市公司、董事、高级管理人员,2014/8/7
,,,,,
600368,五洲交通,通报批评,关于对广西五洲交通股份有限公司有关责任人予以通报批评的决定,董事、高级管理人员,2014/8/7
,,,,,
600293,三峡新材,公开谴责,关于对湖北三峡新型建材股份有限公司及有关责任人予以公开谴责并公开认定不适合担任上市公司董事、监事和高级管理人员的决定,上市公司、董事、高级管理人员,2014/8/7
,,,,,
600211,西藏药业,监管关注,关于对西藏诺迪康药业股份有限公司予以监管关注的决定,上市公司,2014/8/7
,,,,,
600293,三峡新材,通报批评,关于对湖北三峡新型建材股份有限公司有关责任人予以通报批评的决定,董事、高级管理人员,2014/8/7
,,,,,
600199,金种子酒,监管关注,关于对安徽金种子酒业股份有限公司和董事会秘书金彪予以监管关注的决定,上市公司、高级管理人员,2014/8/7
,,,,,
600211,西藏药业,通报批评,关于对西藏诺迪康药业股份有限公司原实际控制人斯钦予以通报批评的决定,控股股东及实际控制人,2014/8/6
,,,,,
600751,天津海运,通报批评,关于对天津市海运股份有限公司及有关责任人予以通报批评的决定,上市公司、董事、高级管理人员,2014/8/6
,,,,,
601169,北京银行,监管关注,关于对北京银行股份有限公司相关责任人予以监管关注的决定,董事、高级管理人员,2014/8/5
,,,,,
600193,创兴资源,通报批评,关于对上海创兴资源开发股份有限公司及有关责任人予以通报批评的决定,上市公司、控股股东及实际控制人、高级管理人员,2014/7/29
,,,,,
600696,匹凸匹,监管关注,关于对上海多伦实业股份有限公司股东华润深国投信托有限公司予以监管关注的决定,一般股东,2014/7/28
,,,,,
601169,北京银行,通报批评,关于对北京银行股份有限公司予以通报批评的决定,上市公司,2014/7/28
,,,,,
601106,中国一重,监管关注,关于对中国第一重型机械股份公司和董事会秘书刘长韧予以监管关注的决定,上市公司、高级管理人员,2014/7/28
,,,,,
600691,*ST阳化,监管关注,关于对阳煤化工股份有限公司及有关责任人予以监管关注的决定,上市公司、董事、高级管理人员,2014/7/28
,,,,,
600432,吉恩镍业,监管关注,关于对吉林吉恩镍业股份有限公司和董事会秘书王行龙予以监管关注的决定,上市公司、高级管理人员,2014/7/28
,,,,,
600420,现代制药,通报批评,关于对上海现代制药股份有限公司董事冯鸣予以通报批评的决定,董事,2014/7/24
,,,,,
600275,武昌鱼,监管关注,关于对湖北武昌鱼股份有限公司及有关责任人予以监管关注的决定,上市公司、董事、监事、高级管理人员,2014/7/22
,,,,,
600491,龙元建设,监管关注,关于对龙元建设集团股份有限公司和董事会秘书张丽予以监管关注的决定,上市公司、高级管理人员,2014/7/22
,,,,,
900935,阳晨B股,监管关注,关于对上海阳晨投资股份有限公司和董事会秘书仲辉予以监管关注的决定,上市公司、高级管理人员,2014/7/17
,,,,,
600180,瑞茂通,监管关注,关于对瑞茂通供应链管理股份有限公司和相关责任人予以监管关注的决定,上市公司、高级管理人员,2014/7/17
,,,,,
600986,科达股份,监管关注,关于对科达集团股份有限公司和董事会秘书姜志涛予以监管关注的决定,上市公司、高级管理人员,2014/7/17
,,,,,
600116,三峡水利,监管关注,关于对重庆三峡水利电力(集团)股份有限公司股东新华水利控股集团公司及其一致行动人水利部综合事业局和水利部综合开发管理中心予以监管关注的决定,控股股东及实际控制人,2014/7/15
,,,,,
600116,三峡水利,监管关注,关于对重庆三峡水利电力(集团)股份有限公司股东中国核工业建设集团公司予以监管关注的决定,控股股东及实际控制人,2014/7/15
,,,,,
600401,*ST海润,监管关注,关于对海润光伏科技股份有限公司和董事会秘书兼财务总监周宜可予以监管关注的决定,上市公司、高级管理人员,2014/7/15
,,,,,
600511,国药股份,监管关注,关于对国药集团药业股份有限公司董事兼总经理陈长清予以监管关注的决定,董事、高级管理人员,2014/7/15
,,,,,
600086,东方金钰,监管关注,关于对东方金钰股份有限公司和副董事长兼总裁赵宁予以监管关注的决定,上市公司、董事,2014/7/8
,,,,,
600563,法拉电子,监管关注,关于对厦门建发集团有限公司予以监管关注的决定,一般股东,2014/7/1
,,,,,
600966,博汇纸业,监管关注,关于对山东博汇纸业股份有限公司独立董事赵耀、聂志红、关雪凌予以监管关注的决定,董事,2014/7/1
,,,,,
600259,广晟有色,监管关注,关于对广晟有色金属股份有限公司和董事会秘书李明予以监管关注的决定,上市公司、高级管理人员,2014/6/30
,,,,,
600363,联创光电,监管关注,关于对江西省电子集团有限公司予以监管关注的决定,控股股东及实际控制人,2014/6/30
,,,,,
600247,ST成城,通报批评,关于对吉林成城集团股份有限公司有关责任人予以通报批评的决定,监事,2014/6/27
,,,,,
600966,博汇纸业,通报批评,关于对山东博汇纸业股份有限公司有关责任人予以通报批评的决定,监事,2014/6/27
,,,,,
600247,ST成城,公开谴责,关于对吉林成城集团股份有限公司及有关责任人予以公开谴责的决定,上市公司、董事、高级管理人员,2014/6/27
,,,,,
600966,博汇纸业,公开谴责,关于对山东博汇纸业股份有限公司及有关责任人予以公开谴责的决定,上市公司、董事、高级管理人员,2014/6/27
,,,,,
600829,三精制药,通报批评,关于对哈药集团三精制药股份有限公司及有关责任人予以通报批评的决定,上市公司、高级管理人员、董事,2014/6/20
,,,,,
600540,新赛股份,通报批评,关于对新疆赛里木现代农业股份有限公司及有关责任人予以通报批评的决定,上市公司、董事、高级管理人员,2014/6/19
,,,,,
600677,航天通信,通报批评,关于对航天通信控股集团股份有限公司及有关责任人予以通报批评的决定,上市公司、董事、高级管理人员,2014/6/19
,,,,,
600315,上海家化,监管关注,关于对上海家化联合股份有限公司和董事长谢文坚、董事会秘书冯B予以监管关注的决定,上市公司、董事、高级管理人员,2014/6/13
,,,,,
600633,浙报传媒,公开谴责,关于对浙报传媒集团股份有限公司原控股股东新洲集团有限公司及信息披露义务人傅建中、林海文予以公开谴责的决定,控股股东及实际控制人,2014/6/13
,,,,,
600782,新钢股份,监管关注,关于对新余钢铁股份有限公司和公司总经理王洪、董事会秘书姚红江予以监管关注的决定,上市公司、高级管理人员,2014/6/6
,,,,,
600260,凯乐科技,监管关注,关于对湖北凯乐科技股份有限公司及有关责任人予以监管关注的决定,上市公司、董事、高级管理人员,2014/6/5
,,,,,
600671,天目药业,通报批评,关于对杭州天目山药业股份有限公司及有关责任人予以通报批评的决定,上市公司、董事、高级管理人员,2014/5/31
,,,,,
603167,渤海轮渡,监管关注,关于对渤海轮渡股份有限公司董事兼总经理于新建予以监管关注的决定,董事、高级管理人员,2014/5/30
,,,,,
600399,抚顺特钢,监管关注,关于对抚顺特殊钢股份有限公司董事长赵明远等有关责任人予以监管关注的决定,董事,2014/5/30
,,,,,
600696,匹凸匹,监管关注,关于对上海多伦实业股份有限公司股东多伦投资（香港）有限公司予以监管关注的决定,一般股东,2014/5/30
,,,,,
600184,光电股份,监管关注,关于对北方光电股份有限公司及有关责任人予以监管关注的决定,上市公司、董事、高级管理人员,2014/5/30
,,,,,
600756,浪潮软件,监管关注,关于对浪潮软件股份有限公司和高级管理人员王静莲、申宝伟予以监管关注的决定,上市公司、高级管理人员,2014/5/30
,,,,,
600713,南京医药,通报批评,关于对南京医药股份有限公司时任董事长周耀平和时任总裁何金耿予以通报批评的决定,董事、高级管理人员,2014/5/27
,,,,,
600503,华丽家族,通报批评,关于对华丽家族股份有限公司股东曾志锋、金鑫、狄自中和陈志坚予以通报批评的决定,一般股东,2014/5/27
,,,,,
600247,ST成城,通报批评,关于对吉林成城集团股份有限公司董事长徐才江等予以通报批评的决定,董事、高级管理人员,2014/5/26
,,,,,
600247,ST成城,公开谴责,关于对吉林成城集团股份有限公司和实际控制人、董事成清波等予以公开谴责并公开认定成清波5年内不适合担任上市公司董事、监事和高级管理人员的决定,上市公司、董事、高级管理人员,2014/5/26
,,,,,
600247,ST成城,公开认定,关于对吉林成城集团股份有限公司和实际控制人、董事成清波等予以公开谴责并公开认定成清波5年内不适合担任上市公司董事、监事和高级管理人员的决定,董事,2014/5/26
,,,,,
601890,亚星锚链,监管关注,关于对国信证券股份有限公司保荐代表人唐慧敏、马军予以监管关注的决定,中介机构及其相关人员,2014/5/26
,,,,,
601890,亚星锚链,监管关注,关于对江苏亚星锚链股份有限公司和总经理陶良凤、财务总监王桂琴予以监管关注的决定,上市公司、高级管理人员,2014/5/26
,,,,,
600363,联创光电,监管关注,关于对江西联创光电科技股份有限公司和董事长肖文等予以监管关注的决定,上市公司、董事,2014/5/26
,,,,,
600228,昌九生化,监管关注,关于对江西昌九生物化工股份有限公司和董事长姚伟彪等予以监管关注的决定,上市公司、董事,2014/5/26
,,,,,
600423,柳化股份,监管关注,关于对柳州化工股份有限公司和董事长廖能成等予以监管关注的决定,上市公司、董事,2014/5/26
,,,,,
600713,南京医药,监管关注,关于对南京医药股份有限公司和财务负责人孙剑、董事会秘书蒋晓军予以监管关注的决定,上市公司、高级管理人员,2014/5/26
,,,,,
600146,大元股份,公开谴责,关于对宁夏大元化工股份有限公司实际控制人邓永新予以公开谴责的决定,控股股东及实际控制人,2014/5/23
,,,,,
600071,*ST光学,监管关注,关于对凤凰光学股份有限公司及其间接控股股东、实际控制人予以监管关注的决定,上市公司、控股股东及实际控制人,2014/5/21
,,,,,
600687,刚泰控股,监管关注,关于对甘肃刚泰控股（集团）股份有限公司和董事长徐建刚等予以监管关注的决定,上市公司、董事,2014/5/20
,,,,,
600446,金证股份,监管关注,关于对深圳市金证科技股份有限公司董事长赵剑、董事杜宣及董事徐岷波予以监管关注的决定,上市公司、董事,2014/5/15
,,,,,
600401,*ST海润,监管关注,关于对海润光伏科技股份有限公司和董事长任向东等予以监管关注的决定,上市公司、董事,2014/5/13
,,,,,
600175,美都能源,监管关注,关于对美都控股股份有限公司和董事长闻掌华等予以监管关注的决定,上市公司、董事,2014/5/13
,,,,,
600283,钱江水利,监管关注,关于对钱江水利开发股份有限公司及有关责任人予以监管关注的决定,上市公司、董事、高级管理人员,2014/5/13
,,,,,
600696,匹凸匹,监管关注,关于对上海多伦实业股份有限公司和董事长鲜言等予以监管关注的决定,上市公司、董事,2014/5/13
,,,,,
600178,东安动力,监管关注,关于对哈尔滨东安汽车动力股份有限公司和董事长邹文超等予以监管关注的决定,上市公司、董事,2014/5/12
,,,,,
600760,中航黑豹,监管关注,关于对中航黑豹股份有限公司和董事会秘书予以监管关注的决定,上市公司、高级管理人员,2014/5/8
,,,,,
600145,*ST国创,公开谴责,关于对贵州国创能源控股（集团）股份有限公司时任董事长兼总经理周剑云和时任财务总监陈剑予以公开谴责并公开认定周剑云在三年内不适合担任上市公司董事、监事和高级管理人员的决定,董事、高级管理人员,2014/5/5
,,,,,
600145,*ST国创,公开认定,关于对贵州国创能源控股（集团）股份有限公司时任董事长兼总经理周剑云和时任财务总监陈剑予以公开谴责并公开认定周剑云在三年内不适合担任上市公司董事、监事和高级管理人员的决定,董事、高级管理人员,2014/5/5
,,,,,
601777,力帆股份,监管关注,关于对力帆实业（集团）股份有限公司和董事长尹明善等予以监管关注的决定,上市公司、董事,2014/5/5
,,,,,
600517,置信电气,监管关注,关于对上海置信电气股份有限公司和董事长悉国富等予以监管关注的决定,上市公司、董事,2014/5/5
,,,,,
600093,禾嘉股份,通报批评,关于对四川禾嘉股份有限公司股东云南兰茂投资管理有限公司予以通报批评的决定,一般股东,2014/4/29
,,,,,
600146,大元股份,通报批评,关于对宁夏大元化工股份有限公司及有关责任人予以通报批评的决定,上市公司、董事、高级管理人员,2014/4/29
,,,,,
600228,*ST昌九,通报批评,关于对江西昌九化工集团有限公司及其董事长姚伟彪和赣州工业投资集团有限公司及其董事长叶扬焕予以通报批评的决定,控股股东及实际控制人,2014/4/29
,,,,,
600145,*ST国创,通报批评,关于对贵州国创能源控股（集团）股份有限公司及有关责任人予以通报批评的决定,上市公司、董事、高级管理人员,2014/4/29
,,,,,
600503,华丽家族,监管关注,关于对华丽家族股份有限公司股东上海南江（集团）有限公司和前股东皙哲投资有限公司予以监管关注的决定,一般股东,2014/4/29
,,,,,
600637,东方明珠,监管关注,关于对百视通新媒体股份有限公司收购人上海文化广播影视集团有限公司和划出方上海广播电视台予以监管关注的决定,其他,2014/4/29
,,,,,
601877,正泰电器,监管关注,关于对浙江正泰电器股份有限公司独立董事沈艺峰予以监管关注的决定,董事,2014/4/22
,,,,,
600844,丹化科技,监管关注,关于对丹化化工科技股份有限公司和董事会秘书沈雅芸予以监管关注的决定,上市公司、高级管理人员,2014/4/22
,,,,,
600986,科达股份,监管关注,关于对科达集团股份有限公司控股股东及实际控制人予以监管关注的决定,控股股东及实际控制人,2014/4/22
,,,,,
603366,日出东方,监管关注,关于对日出东方太阳能股份有限公司和有关责任人予以监管关注的决定,上市公司、董事、高级管理人员,2014/4/15
,,,,,
600079,人福医药,监管关注,关于对人福医药集团股份公司董事长王学海予以监管关注的决定,董事,2014/4/15
,,,,,
600814,杭州解百,监管关注,关于对杭州解百集团股份有限公司予以监管关注的决定,上市公司,2014/4/15
,,,,,
600211,西藏药业,监管关注,关于对西藏诺迪康药业股份有限公司董事会秘书刘岚予以监管关注的决定,高级管理人员,2014/4/3
,,,,,
600566,济川药业,要求全体董事限期参加培训,关于要求湖北洪城通用机械股份有限公司全体董事限期参加培训的决定,董事,2014/3/27
,,,,,
600247,*ST成城,监管关注,关于对吉林成城集团股份有限公司董事会秘书徐昕欣予以监管关注的决定,高级管理人员,2014/3/18
,,,,,
600247,ST成城,公开认定,关于对吉林成城集团股份有限公司和实际控制人、董事成清波等予以公开谴责并公开认定成清波五年内不适合担任上市公司董事、监事和高级管理人员的决定,董事,2014/3/14
,,,,,
600247,ST成城,公开谴责,关于对吉林成城集团股份有限公司和实际控制人、董事成清波等予以公开谴责并公开认定成清波五年内不适合担任上市公司董事、监事和高级管理人员的决定,上市公司、董事、高级管理人员,2014/3/14
,,,,,
600247,ST成城,通报批评,关于对吉林成城集团股份有限公司董事成卫文等予以通报批评的决定,董事,2014/3/13
,,,,,
603766,隆鑫通用,监管关注,关于对中科渝祥（天津）股权投资基金合伙企业（有限合伙）予以监管关注的决定,一般股东,2014/3/11
,,,,,
600638,新黄浦,监管关注,关于对深圳市中科创财富通网络金融有限公司及其一致行动人上海市中科创财富管理有限公司予以监管关注的决定,一般股东,2014/3/11
,,,,,
600604,市北高新,监管关注,关于对上海市北高新股份（集团）有限公司予以监管关注的决定,控股股东及实际控制人,2014/3/7
,,,,,
600796,钱江生化,监管关注,关于对浙江钱江生物化学股份有限公司予以监管关注的决定,上市公司,2014/2/20
,,,,,
600436,片仔癀,监管关注,关于对漳州片仔癀药业股份有限公司及控股股东予以监管关注的决定,上市公司、控股股东及实际控制人,2014/1/29
,,,,,
600982,宁波热电,监管关注,关于对中节能实业发展有限公司予以监管关注的决定,一般股东,2014/1/23
,,,,,
600233,大杨创世,通报批评,关于对大连大杨创世股份有限公司副总经理石豆豆予以通报批评的决定,高级管理人员,2014/1/22
,,,,,
600804,鹏博士,通报批评,关于对北京通灵通电讯技术有限公司和上海秦砖投资管理有限公司予以通报批评的决定,一般股东,2014/1/16
,,,,,
600557,康缘药业,通报批评,关于对江苏康缘药业股份有限公司董事夏月予以通报批评的决定,董事,2014/1/16
,,,,,
600403,大有能源,通报批评,关于对河南大有能源股份有限公司和董事宋建华等相关当事人予以通报批评的决定,上市公司、董事、高级管理人员,2014/1/16
,,,,,
600403,大有能源,公开谴责,关于对河南大有能源股份有限公司董事李永久和董事长田富军予以公开谴责的决定,董事,2014/1/16
,,,,,
600401,*ST海润,要求公司聘请证券服务机构进行核查并发表意见,关于要求海润光伏科技股份有限公司聘请证券服务机构进行核查并发表意见的决定,上市公司,2014/1/14
,,,,,
600403,大有能源,要求公司董事会追偿损失,关于要求河南大有能源股份有限公司董事会追偿损失的决定,董事,2014/1/10
,,,,,
600403,大有能源,监管关注,关于对河南大有能源股份有限公司独立董事张铁岗、王立杰、周旺生、李斌和董事会秘书张建强予以监管关注的决定,董事、高级管理人员,2014/1/10
,,,,,
601233,桐昆股份,通报批评,关于对桐昆集团股份有限公司及相关当事人予以通报批评的决定,上市公司、董事、高级管理人员,2014/1/7
,,,,,
600196,复星医药,监管关注,关于对上海复星医药（集团）股份有限公司控股股东上海复星高科技（集团）有限公司和公司董事会秘书周彪予以监管关注的决定,控股股东及实际控制人、高级管理人员,2014/1/3
,,,,,
600006,东风汽车,通报批评,关于对东风汽车股份有限公司和财务负责人危雯、董事会秘书张新峰予以通报批评的决定,上市公司、高级管理人员,2013/11/22
,,,,,
601005,重庆钢铁,通报批评,关于对重庆钢铁股份有限公司和董事长邓强等有关责任人予以通报批评的决定,上市公司、董事、高级管理人员,2013/11/7
,,,,,
600385,山东金泰,通报批评,关于对山东和信会计师事务所（特殊普通合伙）会计师刘守堂、张中峰予以通报批评的决定,中介机构及其相关人员,2013/11/1
,,,,,
600385,山东金泰,通报批评,关于对山东金泰集团股份有限公司及董事长兼总经理林云等有关责任人予以通报批评的决定,上市公司、董事、高级管理人员,2013/11/1
,,,,,
600696,多伦股份,公开谴责,关于对上海多伦实业股份有限公司及其实际控制人鲜言和多伦投资（香港）有限公司予以公开谴责的决定,上市公司、控股股东及实际控制人,2013/10/28
,,,,,
600634,中技控股,公开认定,关于对上海澄海企业发展股份有限公司董事长兼总经理鲍崇宪、监事长王星星予以公开谴责并公开认定其三年内不适合担任上市公司董事、监事和高级管理人员的决定,董事、高级管理人员、监事,2013/10/22
,,,,,
600634,中技控股,公开谴责,关于对上海澄海企业发展股份有限公司董事长兼总经理鲍崇宪、监事长王星星予以公开谴责并公开认定其三年内不适合担任上市公司董事、监事和高级管理人员的决定,董事、高级管理人员、监事,2013/10/22
,,,,,
600307,酒钢宏兴,通报批评,关于对甘肃酒钢集团宏兴钢铁股份有限公司和董事会秘书齐晓东予以通报批评的决定,上市公司、高级管理人员,2013/10/17
,,,,,
601558,华锐风电,公开谴责,关于给予华锐风电科技（集团）股份有限公司前董事长兼总裁韩俊良公开谴责的决定,董事,2013/9/16
,,,,,
601558,华锐风电,通报批评,关于给予华锐风电科技（集团）股份有限公司及前副总裁兼财务总监陶刚等有关责任人通报批评的决定,上市公司、高级管理人员,2013/9/14
璇哥绉?璇镐唬,澶ユ,绠＄被,澶浜,娑瀵硅薄
STх,600556,2017-06-02,ユ硅,充瀵瑰箍瑗挎х绉′唤稿宠矗浠讳汉浜浠ュ寮璋磋矗骞跺寮璁ゅ宠矗浠讳汉涓浠讳甯歌ｄ浜楂绾х＄浜哄冲?"涓甯,ｄ,绔ｄ,浜,ｇ,瀹у朵?
STх,600556,2017-06-02,寮璁ゅ,充瀵瑰箍瑗挎х绉′唤稿宠矗浠讳汉浜浠ュ寮璋磋矗骞跺寮璁ゅ宠矗浠讳汉涓浠讳甯歌ｄ浜楂绾х＄浜哄冲?"涓甯,ｄ,绔ｄ,浜,ｇ,瀹у朵?
STх,600556,2017-06-02,寮璋磋矗,充瀵瑰箍瑗挎х绉′唤稿宠矗浠讳汉浜浠ュ寮璋磋矗骞跺寮璁ゅ宠矗浠讳汉涓浠讳甯歌ｄ浜楂绾х＄浜哄冲?"涓甯,ｄ,绔ｄ,浜,ｇ,瀹у朵?
*ST涔,600228,2017-06-01,绠″伐浣?ｄ稿惰喘浜烘稿稿虫璇浜椤瑰苟琛ュ?"涓甯,朵"
缇ц,600167,2017-05-26,绠″伐浣?告℃剁杈楂锛浣杩缁澶骞存杩琛╂鼎稿虹绠″伐浣斤纭伴绾㈢稿宠姹?涓甯
浜垮╂,600277,2017-05-25,绠″伐浣?充搁澶ц浜ч缁澶淇℃茬稿充椤广?涓甯
浠,600436,2017-05-24,绠″伐浣?ｄ告ц¤′灏藉揩瀹歌ｄ浼浜浼㈠浜瀹?涓甯
姘惰,600016,2017-05-22,绠″虫敞,充瀵逛腑芥惰′唤稿ｄ浼绉涔浜浠ョ绠″虫敞冲,"涓甯,楂绾х＄浜哄"
浜挎跺,600537,2017-05-19,绠″伐浣?ｄ淇℃层?"涓甯,涓′?ц¤′瀹у朵汉"
卞缓,600643,2017-05-18,绠″伐浣?卞缓涓剧稿充俊蹭椤,涓甯
涓涓,600828,2017-05-18,绠″伐浣?稿′胯哄涓浠烘缁ｅ艰矗浠诲饱琛?"涓甯,ц¤′瀹у朵汉,涓浠烘剁稿充汉"
浜ら惰?601328,2017-05-17,绠″伐浣?瀵瑰浣ラ浜椤规虹绠¤姹?涓甯
寮介?600097,2017-05-15,绠″伐浣?涓娴峰借濮灏舵搁存ユц¤′涓娴锋按浜ч㈡?00%℃杞冲椋锛锛革变涓娴锋按浜ч㈡搁存ユ寮介℃瓒杩?0%锛姝ゆ℃ㄦ瑕绾惰喘锛瑕姹椋锛锛告舵茶绾惰喘ュ涔瑕?ц¤′瀹у朵汉
涓?600967,2017-05-15,绠″伐浣?灏变甯稿ㄧ澶ц′缁ユцㄤ瀹锛瑕姹稿敖蹇存,"涓甯,ц¤′瀹у朵汉"
ユ虹,603960,2017-05-11,绠″伐浣?╂鼎规椤讳互缁瀹¤＄璐㈠℃ュ涓哄虹锛瑕姹歌?涓甯
